trial,classification,final_energy,hamming_to_nearest_stored
0,Unknown Attractor,-38.660000,20
1,Stored,-49.860000,0
2,Inverted,-49.860000,100
3,Stored,-40.160000,5
4,Unknown Attractor,-38.660000,22
5,Stored,-48.900000,0
6,Inverted,-47.680000,99
7,Stored,-49.860000,0
8,Inverted,-49.860000,100
9,Stored,-47.680000,1
10,Mixture,-40.480000,27
11,Inverted,-48.160000,99
12,Inverted,-48.320000,99
13,Inverted,-50.100000,100
14,Stored,-48.900000,0
15,Stored,-46.020000,2
16,Inverted,-49.860000,100
17,Stored,-47.200000,1
18,Inverted,-47.680000,99
19,Inverted,-47.680000,99
20,Inverted,-47.200000,99
21,Stored,-44.980000,2
22,Inverted,-47.680000,99
23,Inverted,-47.520000,99
24,Inverted,-47.200000,99
25,Stored,-48.900000,0
26,Stored,-50.100000,0
27,Unknown Attractor,-35.680000,23
28,Stored,-48.000000,1
29,Stored,-47.680000,1
30,Unknown Attractor,-38.660000,20
31,Unknown Attractor,-32.180000,26
32,Stored,-49.860000,0
33,Inverted,-50.100000,100
34,Inverted,-48.000000,99
35,Inverted,-50.100000,100
36,Mixture,-42.400000,25
37,Unknown Attractor,-34.500000,68
38,Inverted,-47.680000,99
39,Unknown Attractor,-36.160000,25
40,Inverted,-49.860000,100
41,Stored,-48.900000,0
42,Mixture,-43.700000,74
43,Stored,-48.000000,1
44,Stored,-48.900000,0
45,Inverted,-50.100000,100
46,Inverted,-49.860000,100
47,Unknown Attractor,-33.600000,67
48,Stored,-50.100000,0
49,Stored,-49.860000,0
50,Mixture,-43.700000,74
51,Stored,-50.100000,0
52,Inverted,-48.900000,100
53,Mixture,-41.380000,74
54,Inverted,-48.000000,99
55,Mixture,-43.700000,74
56,Inverted,-50.100000,100
57,Stored,-48.900000,0
58,Stored,-50.100000,0
59,Stored,-50.100000,0
60,Inverted,-48.320000,99
61,Stored,-48.900000,0
62,Stored,-50.100000,0
63,Stored,-50.100000,0
64,Stored,-49.860000,0
65,Stored,-49.860000,0
66,Stored,-44.320000,3
67,Stored,-48.900000,0
68,Inverted,-48.900000,100
69,Inverted,-47.040000,99
70,Unknown Attractor,-34.500000,68
71,Inverted,-49.860000,100
72,Stored,-48.900000,0
73,Inverted,-48.900000,100
74,Unknown Attractor,-38.660000,20
75,Inverted,-49.860000,100
76,Inverted,-46.720000,99
77,Stored,-47.680000,1
78,Unknown Attractor,-33.120000,21
79,Mixture,-43.700000,74
80,Inverted,-48.900000,100
81,Inverted,-50.100000,100
82,Inverted,-48.320000,99
83,Stored,-50.100000,0
84,Inverted,-49.860000,100
85,Inverted,-49.860000,100
86,Stored,-50.100000,0
87,Inverted,-49.860000,100
88,Stored,-49.860000,0
89,Inverted,-49.860000,100
90,Inverted,-50.100000,100
91,Stored,-49.860000,0
92,Stored,-45.860000,2
93,Inverted,-48.320000,99
94,Inverted,-48.900000,100
95,Inverted,-48.900000,100
96,Unknown Attractor,-32.180000,26
97,Inverted,-48.900000,100
98,Inverted,-49.860000,100
99,Stored,-48.000000,1
100,Mixture,-43.700000,26
101,Stored,-50.100000,0
102,Mixture,-42.720000,73
103,Stored,-49.860000,0
104,Stored,-48.900000,0
105,Inverted,-48.900000,100
106,Inverted,-50.100000,100
107,Inverted,-50.100000,100
108,Inverted,-50.100000,100
109,Stored,-49.860000,0
110,Inverted,-46.880000,99
111,Inverted,-48.900000,100
112,Unknown Attractor,-34.500000,68
113,Mixture,-43.700000,74
114,Stored,-47.680000,1
115,Inverted,-50.100000,100
116,Inverted,-48.900000,100
117,Stored,-49.860000,0
118,Inverted,-47.680000,99
119,Stored,-47.200000,1
120,Inverted,-50.100000,100
121,Inverted,-48.900000,100
122,Mixture,-43.700000,26
123,Inverted,-48.000000,99
124,Inverted,-49.860000,100
125,Unknown Attractor,-32.180000,26
126,Inverted,-49.860000,100
127,Inverted,-50.100000,100
128,Stored,-49.860000,0
129,Inverted,-48.900000,100
130,Inverted,-45.380000,98
131,Stored,-48.900000,0
132,Inverted,-47.680000,99
133,Stored,-50.100000,0
134,Stored,-49.860000,0
135,Stored,-47.520000,1
136,Stored,-50.100000,0
137,Stored,-44.740000,2
138,Stored,-50.100000,0
139,Inverted,-48.900000,100
140,Unknown Attractor,-34.500000,20
141,Stored,-47.680000,1
142,Stored,-48.900000,0
143,Inverted,-49.860000,100
144,Inverted,-50.100000,100
145,Inverted,-50.100000,100
146,Inverted,-48.900000,100
147,Mixture,-43.700000,26
148,Stored,-45.860000,2
149,Inverted,-49.860000,100
150,Stored,-46.720000,1
151,Stored,-46.880000,1
152,Inverted,-49.860000,100
153,Stored,-48.900000,0
154,Stored,-49.860000,0
155,Stored,-49.860000,0
156,Inverted,-47.040000,99
157,Inverted,-47.680000,99
158,Inverted,-48.900000,100
159,Inverted,-48.900000,100
160,Stored,-49.860000,0
161,Stored,-50.100000,0
162,Stored,-48.900000,0
163,Inverted,-49.860000,100
164,Inverted,-49.860000,100
165,Stored,-47.520000,1
166,Inverted,-49.860000,100
167,Inverted,-50.100000,100
168,Inverted,-42.720000,97
169,Inverted,-49.860000,100
170,Inverted,-46.720000,99
171,Stored,-48.900000,0
172,Unknown Attractor,-38.660000,22
173,Inverted,-47.040000,99
174,Stored,-49.860000,0
175,Stored,-50.100000,0
176,Stored,-48.320000,1
177,Stored,-48.900000,0
178,Stored,-48.160000,1
179,Mixture,-43.700000,26
180,Inverted,-48.900000,100
181,Stored,-47.680000,1
182,Stored,-49.860000,0
183,Stored,-50.100000,0
184,Unknown Attractor,-38.660000,22
185,Inverted,-50.100000,100
186,Inverted,-48.900000,100
187,Inverted,-48.900000,100
188,Unknown Attractor,-29.440000,23
189,Inverted,-46.880000,99
190,Unknown Attractor,-36.340000,22
191,Stored,-49.860000,0
192,Inverted,-49.860000,100
193,Inverted,-49.860000,100
194,Stored,-48.000000,1
195,Inverted,-49.860000,100
196,Stored,-50.100000,0
197,Stored,-49.860000,0
198,Inverted,-49.860000,100
199,Mixture,-42.720000,27
200,Stored,-49.860000,0
201,Mixture,-43.700000,74
202,Mixture,-42.400000,25
203,Inverted,-49.860000,100
204,Stored,-48.900000,0
205,Stored,-41.620000,4
206,Stored,-48.640000,1
207,Stored,-48.320000,1
208,Mixture,-43.700000,74
209,Stored,-49.860000,0
210,Unknown Attractor,-38.660000,20
211,Stored,-49.860000,0
212,Inverted,-44.900000,98
213,Inverted,-48.900000,100
214,Inverted,-49.860000,100
215,Inverted,-46.900000,98
216,Stored,-47.200000,1
217,Unknown Attractor,-30.880000,23
218,Stored,-48.900000,0
219,Unknown Attractor,-37.920000,21
220,Unknown Attractor,-38.660000,20
221,Stored,-48.900000,0
222,Inverted,-48.900000,100
223,Mixture,-43.700000,74
224,Mixture,-43.700000,26
225,Inverted,-49.860000,100
226,Mixture,-40.480000,27
227,Inverted,-48.900000,100
228,Inverted,-50.100000,100
229,Mixture,-43.700000,26
230,Stored,-50.100000,0
231,Mixture,-43.700000,26
232,Stored,-50.100000,0
233,Stored,-48.900000,0
234,Unknown Attractor,-38.660000,20
235,Inverted,-48.320000,99
236,Inverted,-46.720000,99
237,Stored,-49.860000,0
238,Stored,-47.680000,1
239,Mixture,-43.700000,74
240,Stored,-50.100000,0
241,Stored,-49.860000,0
242,Stored,-48.900000,0
243,Stored,-47.520000,1
244,Unknown Attractor,-38.660000,22
245,Unknown Attractor,-33.600000,21
246,Stored,-47.680000,1
247,Stored,-48.900000,0
248,Inverted,-47.520000,99
249,Mixture,-43.700000,26
250,Inverted,-50.100000,100
251,Stored,-50.100000,0
252,Inverted,-50.100000,100
253,Stored,-49.860000,0
254,Stored,-48.000000,1
255,Mixture,-41.860000,28
256,Stored,-47.520000,1
257,Unknown Attractor,-37.120000,21
258,Unknown Attractor,-38.660000,22
259,Stored,-48.900000,0
260,Inverted,-48.900000,100
261,Stored,-47.680000,1
262,Mixture,-42.720000,73
263,Inverted,-50.100000,100
264,Inverted,-48.900000,100
265,Inverted,-49.860000,100
266,Stored,-50.100000,0
267,Stored,-50.100000,0
268,Stored,-48.900000,0
269,Stored,-48.160000,1
270,Inverted,-50.100000,100
271,Inverted,-48.900000,100
272,Inverted,-50.100000,100
273,Inverted,-38.580000,94
274,Unknown Attractor,-34.500000,68
275,Inverted,-49.860000,100
276,Inverted,-48.320000,99
277,Stored,-48.900000,0
278,Stored,-48.640000,1
279,Mixture,-43.700000,74
280,Inverted,-48.900000,100
281,Inverted,-48.900000,100
282,Unknown Attractor,-32.180000,26
283,Unknown Attractor,-35.680000,23
284,Unknown Attractor,-32.180000,22
285,Mixture,-43.700000,74
286,Inverted,-49.860000,100
287,Inverted,-48.160000,99
288,Stored,-48.900000,0
289,Inverted,-47.040000,99
290,Stored,-48.900000,0
291,Inverted,-50.100000,100
292,Mixture,-40.480000,73
293,Inverted,-46.880000,99
294,Stored,-50.100000,0
295,Inverted,-46.880000,99
296,Stored,-48.900000,0
297,Stored,-46.880000,1
298,Unknown Attractor,-32.180000,26
299,Inverted,-47.200000,99
300,Stored,-48.900000,0
301,Stored,-49.860000,0
302,Mixture,-42.400000,25
303,Stored,-49.860000,0
304,Inverted,-47.040000,99
305,Stored,-48.900000,0
306,Stored,-50.100000,0
307,Mixture,-42.720000,27
308,Stored,-45.860000,2
309,Mixture,-43.700000,26
310,Mixture,-42.720000,73
311,Inverted,-48.000000,99
312,Stored,-48.900000,0
313,Inverted,-50.100000,100
314,Stored,-50.100000,0
315,Inverted,-50.100000,100
316,Inverted,-48.900000,100
317,Stored,-46.180000,2
318,Mixture,-43.700000,74
319,Stored,-48.900000,0
320,Inverted,-45.940000,98
321,Inverted,-47.200000,99
322,Stored,-48.900000,0
323,Stored,-48.900000,0
324,Stored,-49.860000,0
325,Unknown Attractor,-34.500000,68
326,Stored,-48.900000,0
327,Inverted,-48.900000,100
328,Inverted,-49.860000,100
329,Stored,-50.100000,0
330,Inverted,-50.100000,100
331,Stored,-47.680000,1
332,Inverted,-48.900000,100
333,Inverted,-50.100000,100
334,Unknown Attractor,-38.660000,22
335,Inverted,-47.200000,99
336,Inverted,-48.900000,100
337,Stored,-50.100000,0
338,Stored,-50.100000,0
339,Stored,-48.320000,1
340,Unknown Attractor,-30.880000,27
341,Stored,-49.860000,0
342,Stored,-49.860000,0
343,Stored,-50.100000,0
344,Stored,-50.100000,0
345,Unknown Attractor,-34.500000,20
346,Stored,-48.000000,1
347,Inverted,-45.380000,98
348,Mixture,-43.700000,26
349,Stored,-48.320000,1
350,Unknown Attractor,-38.660000,20
351,Stored,-49.860000,0
352,Inverted,-48.900000,100
353,Stored,-50.100000,0
354,Stored,-48.900000,0
355,Unknown Attractor,-38.660000,22
356,Stored,-50.100000,0
357,Inverted,-50.100000,100
358,Mixture,-43.700000,74
359,Inverted,-48.900000,100
360,Stored,-48.900000,0
361,Inverted,-48.900000,100
362,Inverted,-45.380000,98
363,Unknown Attractor,-38.660000,20
364,Stored,-48.900000,0
365,Unknown Attractor,-35.680000,23
366,Mixture,-43.700000,74
367,Stored,-48.900000,0
368,Inverted,-48.640000,99
369,Inverted,-48.900000,100
370,Inverted,-47.680000,99
371,Stored,-47.520000,1
372,Stored,-50.100000,0
373,Inverted,-50.100000,100
374,Inverted,-48.900000,100
375,Unknown Attractor,-32.180000,22
376,Unknown Attractor,-38.660000,20
377,Stored,-50.100000,0
378,Inverted,-49.860000,100
379,Stored,-46.720000,1
380,Unknown Attractor,-38.660000,22
381,Inverted,-48.000000,99
382,Stored,-48.900000,0
383,Stored,-50.100000,0
384,Stored,-48.900000,0
385,Inverted,-50.100000,100
386,Mixture,-42.400000,25
387,Stored,-49.860000,0
388,Unknown Attractor,-31.360000,25
389,Inverted,-49.860000,100
390,Stored,-48.000000,1
391,Stored,-48.000000,1
392,Inverted,-47.040000,99
393,Mixture,-42.720000,27
394,Stored,-48.900000,0
395,Stored,-48.900000,0
396,Stored,-49.860000,0
397,Inverted,-50.100000,100
398,Stored,-48.900000,0
399,Inverted,-48.900000,100
400,Stored,-46.880000,1
401,Stored,-48.900000,0
402,Inverted,-48.900000,100
403,Stored,-48.900000,0
404,Mixture,-43.700000,26
405,Inverted,-50.100000,100
406,Inverted,-47.680000,99
407,Stored,-48.900000,0
408,Stored,-48.900000,0
409,Stored,-45.380000,2
410,Stored,-49.860000,0
411,Inverted,-38.020000,94
412,Stored,-44.480000,3
413,Unknown Attractor,-34.500000,68
414,Inverted,-50.100000,100
415,Inverted,-50.100000,100
416,Inverted,-49.860000,100
417,Stored,-49.860000,0
418,Unknown Attractor,-31.680000,21
419,Inverted,-50.100000,100
420,Stored,-48.320000,1
421,Stored,-48.900000,0
422,Stored,-50.100000,0
423,Inverted,-49.860000,100
424,Stored,-48.900000,0
425,Inverted,-50.100000,100
426,Inverted,-49.860000,100
427,Stored,-47.680000,1
428,Inverted,-47.200000,99
429,Inverted,-48.900000,100
430,Stored,-47.680000,1
431,Stored,-47.680000,1
432,Inverted,-49.860000,100
433,Inverted,-50.100000,100
434,Stored,-50.100000,0
435,Stored,-50.100000,0
436,Inverted,-49.860000,100
437,Stored,-49.860000,0
438,Unknown Attractor,-32.660000,20
439,Stored,-48.900000,0
440,Stored,-42.880000,3
441,Inverted,-48.640000,99
442,Inverted,-49.860000,100
443,Stored,-49.860000,0
444,Inverted,-49.860000,100
445,Inverted,-48.900000,100
446,Inverted,-49.860000,100
447,Stored,-48.900000,0
448,Mixture,-43.700000,26
449,Mixture,-42.720000,27
450,Unknown Attractor,-34.500000,68
451,Mixture,-41.860000,28
452,Inverted,-48.900000,100
453,Inverted,-48.900000,100
454,Inverted,-48.900000,100
455,Inverted,-50.100000,100
456,Inverted,-50.100000,100
457,Inverted,-48.900000,100
458,Inverted,-49.860000,100
459,Inverted,-49.860000,100
460,Inverted,-47.680000,99
461,Inverted,-50.100000,100
462,Stored,-48.320000,1
463,Inverted,-50.100000,100
464,Mixture,-43.700000,26
465,Mixture,-43.700000,26
466,Stored,-46.020000,2
467,Stored,-48.900000,0
468,Unknown Attractor,-34.500000,68
469,Inverted,-48.320000,99
470,Mixture,-43.700000,26
471,Stored,-49.860000,0
472,Stored,-48.900000,0
473,Inverted,-49.860000,100
474,Stored,-49.860000,0
475,Inverted,-49.860000,100
476,Inverted,-44.900000,98
477,Stored,-48.900000,0
478,Stored,-49.860000,0
479,Stored,-49.860000,0
480,Inverted,-49.860000,100
481,Inverted,-48.900000,100
482,Stored,-49.860000,0
483,Stored,-49.860000,0
484,Stored,-49.860000,0
485,Inverted,-45.620000,98
486,Inverted,-49.860000,100
487,Inverted,-48.900000,100
488,Stored,-49.860000,0
489,Inverted,-50.100000,100
490,Inverted,-50.100000,100
491,Inverted,-48.900000,100
492,Stored,-50.100000,0
493,Stored,-48.900000,0
494,Mixture,-43.700000,74
495,Inverted,-48.900000,100
496,Mixture,-42.720000,73
497,Inverted,-48.900000,100
498,Stored,-49.860000,0
499,Inverted,-49.860000,100
