n_patterns,pattern_index,trial,strict_success,inversion_tolerant_success,final_energy
1,0,0,1,1,-49.5
1,0,1,1,1,-49.5
1,0,2,1,1,-49.5
1,0,3,0,0,-45.58000000000001
1,0,4,1,1,-49.5
1,0,5,1,1,-49.5
1,0,6,1,1,-49.5
1,0,7,1,1,-49.5
1,0,8,1,1,-49.5
1,0,9,1,1,-49.5
1,0,10,1,1,-49.5
1,0,11,1,1,-49.5
1,0,12,1,1,-49.5
1,0,13,1,1,-49.5
1,0,14,1,1,-49.5
1,0,15,1,1,-49.5
1,0,16,1,1,-49.5
1,0,17,0,0,-47.52000000000001
1,0,18,1,1,-49.5
1,0,19,1,1,-49.5
1,0,20,1,1,-49.5
1,0,21,0,0,-47.52000000000001
1,0,22,0,0,-47.52000000000002
1,0,23,1,1,-49.5
1,0,24,1,1,-49.5
1,0,25,1,1,-49.5
1,0,26,1,1,-49.5
1,0,27,1,1,-49.5
1,0,28,1,1,-49.5
1,0,29,1,1,-49.5
1,0,30,1,1,-49.5
1,0,31,0,0,-47.52000000000001
1,0,32,1,1,-49.5
1,0,33,1,1,-49.5
1,0,34,0,0,-43.680000000000014
1,0,35,0,0,-47.52000000000001
1,0,36,1,1,-49.5
1,0,37,0,0,-47.52000000000001
1,0,38,1,1,-49.5
1,0,39,1,1,-49.5
1,0,40,0,0,-45.58000000000001
1,0,41,1,1,-49.5
1,0,42,0,0,-45.58000000000001
1,0,43,1,1,-49.5
1,0,44,1,1,-49.5
1,0,45,1,1,-49.5
1,0,46,0,0,-47.52000000000001
1,0,47,1,1,-49.5
1,0,48,1,1,-49.5
1,0,49,0,0,-45.58000000000001
2,0,0,1,1,-49.32000000000001
2,1,0,1,1,-49.32000000000001
2,0,1,1,1,-49.32000000000001
2,1,1,1,1,-49.32000000000001
2,0,2,1,1,-49.32000000000001
2,1,2,1,1,-49.32000000000001
2,0,3,0,0,-47.20000000000002
2,1,3,1,1,-49.32000000000001
2,0,4,1,1,-49.32000000000001
2,1,4,1,1,-49.32000000000001
2,0,5,1,1,-49.32000000000001
2,1,5,1,1,-49.32000000000001
2,0,6,1,1,-49.32000000000001
2,1,6,0,0,-47.20000000000001
2,0,7,1,1,-49.32000000000001
2,1,7,1,1,-49.32000000000001
2,0,8,1,1,-49.32000000000001
2,1,8,1,1,-49.32000000000001
2,0,9,1,1,-49.32000000000001
2,1,9,1,1,-49.32000000000001
2,0,10,0,0,-47.20000000000002
2,1,10,1,1,-49.32000000000001
2,0,11,0,0,-47.20000000000002
2,1,11,1,1,-49.32000000000001
2,0,12,1,1,-49.32000000000001
2,1,12,1,1,-49.32000000000001
2,0,13,0,0,-47.2
2,1,13,0,0,-45.39999999999999
2,0,14,0,0,-47.2
2,1,14,0,0,-47.51999999999999
2,0,15,1,1,-49.32000000000001
2,1,15,1,1,-49.32000000000001
2,0,16,0,0,-47.51999999999999
2,1,16,0,0,-47.2
2,0,17,0,0,-47.2
2,1,17,0,0,-47.51999999999998
2,0,18,1,1,-49.32000000000001
2,1,18,0,0,-47.51999999999999
2,0,19,0,0,-47.20000000000002
2,1,19,1,1,-49.32000000000001
2,0,20,0,0,-47.51999999999999
2,1,20,0,0,-47.20000000000002
2,0,21,0,0,-47.51999999999999
2,1,21,0,0,-47.51999999999999
2,0,22,1,1,-49.32000000000001
2,1,22,1,1,-49.32000000000001
2,0,23,1,1,-49.32000000000001
2,1,23,1,1,-49.32000000000001
2,0,24,1,1,-49.32000000000001
2,1,24,1,1,-49.32000000000001
2,0,25,0,0,-47.51999999999999
2,1,25,1,1,-49.32000000000001
2,0,26,0,0,-47.2
2,1,26,1,1,-49.32000000000001
2,0,27,1,1,-49.32000000000001
2,1,27,1,1,-49.32000000000001
2,0,28,1,1,-49.32000000000001
2,1,28,0,0,-47.2
2,0,29,1,1,-49.32000000000001
2,1,29,1,1,-49.32000000000001
2,0,30,1,1,-49.32000000000001
2,1,30,1,1,-49.32000000000001
2,0,31,0,0,-43.35999999999999
2,1,31,1,1,-49.32000000000001
2,0,32,1,1,-49.32000000000001
2,1,32,1,1,-49.32000000000001
2,0,33,1,1,-49.32000000000001
2,1,33,1,1,-49.32000000000001
2,0,34,1,1,-49.32000000000001
2,1,34,1,1,-49.32000000000001
2,0,35,1,1,-49.32000000000001
2,1,35,1,1,-49.32000000000001
2,0,36,0,0,-47.51999999999998
2,1,36,1,1,-49.32000000000001
2,0,37,1,1,-49.32000000000001
2,1,37,1,1,-49.32000000000001
2,0,38,1,1,-49.32000000000001
2,1,38,1,1,-49.32000000000001
2,0,39,1,1,-49.32000000000001
2,1,39,0,0,-47.51999999999999
2,0,40,1,1,-49.32000000000001
2,1,40,1,1,-49.32000000000001
2,0,41,1,1,-49.32000000000001
2,1,41,0,0,-47.20000000000001
2,0,42,1,1,-49.32000000000001
2,1,42,1,1,-49.32000000000001
2,0,43,1,1,-49.32000000000001
2,1,43,0,0,-47.51999999999999
2,0,44,0,0,-47.2
2,1,44,1,1,-49.32000000000001
2,0,45,1,1,-49.32000000000001
2,1,45,1,1,-49.32000000000001
2,0,46,0,0,-47.51999999999999
2,1,46,1,1,-49.32000000000001
2,0,47,1,1,-49.32000000000001
2,1,47,1,1,-49.32000000000001
2,0,48,1,1,-49.32000000000001
2,1,48,1,1,-49.32000000000001
2,0,49,1,1,-49.32000000000001
2,1,49,1,1,-49.32000000000001
3,0,0,0,0,-44.739999999999995
3,1,0,1,1,-50.10000000000001
3,2,0,1,1,-49.86
3,0,1,0,0,-47.20000000000001
3,1,1,1,1,-50.10000000000001
3,2,1,1,1,-49.86
3,0,2,0,0,-46.88000000000001
3,1,2,1,1,-50.10000000000001
3,2,2,0,0,-47.680000000000014
3,0,3,1,1,-48.900000000000006
3,1,3,1,1,-50.10000000000001
3,2,3,1,1,-49.86
3,0,4,1,1,-48.900000000000006
3,1,4,1,1,-50.10000000000001
3,2,4,1,1,-49.86
3,0,5,1,1,-48.900000000000006
3,1,5,1,1,-50.10000000000001
3,2,5,1,1,-49.86
3,0,6,0,0,-47.20000000000001
3,1,6,0,0,-47.68000000000001
3,2,6,1,1,-49.86
3,0,7,0,0,-47.04000000000001
3,1,7,1,1,-50.10000000000001
3,2,7,0,0,-47.519999999999996
3,0,8,0,0,-46.88000000000001
3,1,8,0,0,-45.94000000000001
3,2,8,0,0,-47.68000000000001
3,0,9,1,1,-48.900000000000006
3,1,9,0,0,-48.0
3,2,9,1,1,-49.86
3,0,10,1,1,-48.900000000000006
3,1,10,1,1,-50.10000000000001
3,2,10,0,0,-47.519999999999996
3,0,11,0,0,-46.72000000000001
3,1,11,1,1,-50.10000000000001
3,2,11,1,1,-49.86
3,0,12,1,1,-48.900000000000006
3,1,12,1,1,-50.10000000000001
3,2,12,0,0,-47.519999999999996
3,0,13,1,1,-48.900000000000006
3,1,13,1,1,-50.10000000000001
3,2,13,1,1,-49.86
3,0,14,1,1,-48.900000000000006
3,1,14,0,0,-48.0
3,2,14,1,1,-49.86
3,0,15,1,1,-48.900000000000006
3,1,15,1,1,-50.10000000000001
3,2,15,1,1,-49.86
3,0,16,1,1,-48.900000000000006
3,1,16,1,1,-50.10000000000001
3,2,16,1,1,-49.86
3,0,17,1,1,-48.900000000000006
3,1,17,0,0,-47.68000000000001
3,2,17,0,0,-48.32
3,0,18,1,1,-48.900000000000006
3,1,18,1,1,-50.10000000000001
3,2,18,0,0,-48.32
3,0,19,1,1,-48.900000000000006
3,1,19,1,1,-50.10000000000001
3,2,19,0,0,-45.379999999999995
3,0,20,0,0,-45.379999999999995
3,1,20,1,1,-50.10000000000001
3,2,20,0,0,-48.16000000000001
3,0,21,0,0,-41.460000000000015
3,1,21,1,1,-50.10000000000001
3,2,21,1,1,-49.86
3,0,22,0,0,-44.89999999999999
3,1,22,0,0,-45.38
3,2,22,1,1,-49.86
3,0,23,1,1,-48.900000000000006
3,1,23,1,1,-50.10000000000001
3,2,23,1,1,-49.86
3,0,24,1,1,-48.900000000000006
3,1,24,1,1,-50.10000000000001
3,2,24,1,1,-49.86
3,0,25,1,1,-48.900000000000006
3,1,25,1,1,-50.10000000000001
3,2,25,0,0,-47.519999999999996
3,0,26,1,1,-48.900000000000006
3,1,26,0,0,-48.31999999999999
3,2,26,1,1,-49.86
3,0,27,1,1,-48.900000000000006
3,1,27,0,0,-48.640000000000015
3,2,27,1,1,-49.86
3,0,28,1,1,-48.900000000000006
3,1,28,1,1,-50.10000000000001
3,2,28,1,1,-49.86
3,0,29,0,0,-44.74
3,1,29,1,1,-50.10000000000001
3,2,29,1,1,-49.86
3,0,30,1,1,-48.900000000000006
3,1,30,1,1,-50.10000000000001
3,2,30,1,1,-49.86
3,0,31,1,1,-48.900000000000006
3,1,31,1,1,-50.10000000000001
3,2,31,1,1,-49.86
3,0,32,1,1,-48.900000000000006
3,1,32,1,1,-50.10000000000001
3,2,32,1,1,-49.86
3,0,33,1,1,-48.900000000000006
3,1,33,1,1,-50.10000000000001
3,2,33,0,0,-47.519999999999996
3,0,34,0,0,-44.660000000000004
3,1,34,1,1,-50.10000000000001
3,2,34,1,1,-49.86
3,0,35,1,1,-48.900000000000006
3,1,35,1,1,-50.10000000000001
3,2,35,1,1,-49.86
3,0,36,1,1,-48.900000000000006
3,1,36,1,1,-50.10000000000001
3,2,36,0,0,-45.28
3,0,37,1,1,-48.900000000000006
3,1,37,0,0,-47.68000000000001
3,2,37,0,0,-45.94
3,0,38,1,1,-48.900000000000006
3,1,38,1,1,-50.10000000000001
3,2,38,1,1,-49.86
3,0,39,0,0,-46.88000000000001
3,1,39,1,1,-50.10000000000001
3,2,39,0,0,-47.519999999999996
3,0,40,0,0,-47.04000000000001
3,1,40,1,1,-50.10000000000001
3,2,40,0,0,-47.519999999999996
3,0,41,1,1,-48.900000000000006
3,1,41,1,1,-50.10000000000001
3,2,41,0,0,-48.16000000000001
3,0,42,1,1,-48.900000000000006
3,1,42,1,1,-50.10000000000001
3,2,42,0,0,-44.31999999999999
3,0,43,1,1,-48.900000000000006
3,1,43,1,1,-50.10000000000001
3,2,43,1,1,-49.86
3,0,44,1,1,-48.900000000000006
3,1,44,1,1,-50.10000000000001
3,2,44,0,0,-45.86
3,0,45,1,1,-48.900000000000006
3,1,45,1,1,-50.10000000000001
3,2,45,0,0,-47.68000000000001
3,0,46,1,1,-48.900000000000006
3,1,46,1,1,-50.10000000000001
3,2,46,1,1,-49.86
3,0,47,1,1,-48.900000000000006
3,1,47,0,0,-48.640000000000015
3,2,47,0,0,-48.16000000000001
3,0,48,0,0,-47.040000000000006
3,1,48,1,1,-50.10000000000001
3,2,48,0,0,-48.16000000000001
3,0,49,1,1,-48.900000000000006
3,1,49,0,0,-48.31999999999999
3,2,49,1,1,-49.86
5,0,0,0,0,-48.000000000000014
5,1,0,0,0,-46.699999999999996
5,2,0,1,1,-49.660000000000004
5,3,0,1,1,-61.42000000000001
5,4,0,0,0,-60.38
5,0,1,0,0,-48.64000000000001
5,1,1,0,0,-50.88000000000001
5,2,1,1,1,-49.660000000000004
5,3,1,1,1,-61.42000000000001
5,4,1,0,0,-64.14
5,0,2,0,0,-47.84000000000001
5,1,2,0,0,-62.46000000000001
5,2,2,1,1,-49.660000000000004
5,3,2,0,0,-63.580000000000005
5,4,2,0,0,-64.32000000000001
5,0,3,1,1,-50.220000000000006
5,1,3,0,0,-49.920000000000016
5,2,3,1,1,-49.660000000000004
5,3,3,0,0,-64.0
5,4,3,0,0,-64.32000000000001
5,0,4,1,1,-50.220000000000006
5,1,4,1,1,-53.1
5,2,4,0,0,-47.36
5,3,4,1,1,-61.42000000000001
5,4,4,0,0,-64.32000000000001
5,0,5,0,0,-49.120000000000005
5,1,5,1,1,-53.1
5,2,5,1,1,-49.660000000000004
5,3,5,1,1,-61.42000000000001
5,4,5,0,0,-63.84000000000002
5,0,6,0,0,-48.96000000000001
5,1,6,1,1,-53.1
5,2,6,0,0,-47.36
5,3,6,1,1,-61.42000000000001
5,4,6,0,0,-64.14
5,0,7,0,0,-47.68000000000001
5,1,7,1,1,-53.1
5,2,7,1,1,-49.660000000000004
5,3,7,1,1,-61.42000000000001
5,4,7,0,0,-63.67999999999999
5,0,8,1,1,-50.220000000000006
5,1,8,1,1,-53.1
5,2,8,1,1,-49.660000000000004
5,3,8,1,1,-61.42000000000001
5,4,8,0,0,-64.32000000000001
5,0,9,1,1,-50.220000000000006
5,1,9,0,0,-64.0
5,2,9,1,1,-49.660000000000004
5,3,9,0,0,-64.0
5,4,9,0,0,-64.06000000000002
5,0,10,1,1,-50.220000000000006
5,1,10,0,0,-52.48000000000001
5,2,10,0,0,-45.18
5,3,10,1,1,-61.42000000000001
5,4,10,0,0,-64.14
5,0,11,1,1,-50.220000000000006
5,1,11,1,1,-53.1
5,2,11,1,1,-49.660000000000004
5,3,11,1,1,-61.42000000000001
5,4,11,0,0,-64.14
5,0,12,1,1,-50.220000000000006
5,1,12,1,1,-53.1
5,2,12,0,0,-47.52000000000001
5,3,12,1,1,-61.42000000000001
5,4,12,0,0,-64.14
5,0,13,1,1,-50.220000000000006
5,1,13,1,1,-53.1
5,2,13,1,1,-49.660000000000004
5,3,13,0,0,-64.0
5,4,13,0,0,-63.580000000000005
5,0,14,0,0,-47.90000000000001
5,1,14,0,0,-52.960000000000015
5,2,14,1,1,-49.660000000000004
5,3,14,0,0,-58.239999999999995
5,4,14,0,0,-62.46
5,0,15,1,1,-50.220000000000006
5,1,15,0,0,-52.48000000000002
5,2,15,1,1,-49.660000000000004
5,3,15,0,0,-58.239999999999995
5,4,15,0,0,-64.14
5,0,16,1,1,-50.220000000000006
5,1,16,1,1,-53.1
5,2,16,1,1,-49.660000000000004
5,3,16,0,0,-64.0
5,4,16,0,0,-64.32000000000001
5,0,17,0,0,-47.52000000000001
5,1,17,1,1,-53.1
5,2,17,0,0,-47.52000000000001
5,3,17,0,0,-60.64
5,4,17,0,0,-64.32000000000001
5,0,18,1,1,-50.220000000000006
5,1,18,1,1,-53.1
5,2,18,1,1,-49.660000000000004
5,3,18,0,0,-54.56000000000001
5,4,18,0,0,-63.66000000000001
5,0,19,1,1,-50.220000000000006
5,1,19,1,1,-53.1
5,2,19,1,1,-49.660000000000004
5,3,19,0,0,-55.580000000000005
5,4,19,0,0,-64.32000000000001
5,0,20,1,1,-50.220000000000006
5,1,20,0,0,-45.26
5,2,20,0,0,-47.68000000000001
5,3,20,1,1,-61.42000000000001
5,4,20,0,0,-64.32000000000001
5,0,21,1,1,-50.220000000000006
5,1,21,1,1,-53.1
5,2,21,1,1,-49.660000000000004
5,3,21,1,1,-61.42000000000001
5,4,21,0,0,-61.60000000000001
5,0,22,1,1,-50.220000000000006
5,1,22,1,1,-53.1
5,2,22,1,1,-49.660000000000004
5,3,22,1,1,-61.42000000000001
5,4,22,0,0,-64.14
5,0,23,1,1,-50.220000000000006
5,1,23,1,1,-53.1
5,2,23,0,0,-48.0
5,3,23,0,0,-64.0
5,4,23,0,0,-64.14
5,0,24,1,1,-50.220000000000006
5,1,24,1,1,-53.1
5,2,24,0,0,-47.84
5,3,24,0,0,-63.580000000000005
5,4,24,0,0,-64.32000000000001
5,0,25,0,0,-63.360000000000014
5,1,25,1,1,-53.1
5,2,25,1,1,-49.660000000000004
5,3,25,0,0,-54.620000000000005
5,4,25,0,0,-63.84000000000002
5,0,26,1,1,-50.220000000000006
5,1,26,0,0,-51.360000000000014
5,2,26,1,1,-49.660000000000004
5,3,26,1,1,-61.42000000000001
5,4,26,0,0,-64.14
5,0,27,0,0,-47.68000000000001
5,1,27,0,0,-50.72
5,2,27,1,1,-49.660000000000004
5,3,27,0,0,-64.32000000000001
5,4,27,0,0,-64.14
5,0,28,1,1,-50.220000000000006
5,1,28,0,0,-55.2
5,2,28,1,1,-49.660000000000004
5,3,28,1,1,-61.42000000000001
5,4,28,0,0,-64.32000000000001
5,0,29,0,0,-45.58
5,1,29,1,1,-53.1
5,2,29,1,1,-49.660000000000004
5,3,29,1,1,-61.42000000000001
5,4,29,0,0,-64.06000000000002
5,0,30,1,1,-50.220000000000006
5,1,30,0,0,-52.960000000000015
5,2,30,0,0,-45.74
5,3,30,0,0,-63.52000000000002
5,4,30,0,0,-64.14
5,0,31,1,1,-50.220000000000006
5,1,31,1,1,-53.1
5,2,31,1,1,-49.660000000000004
5,3,31,0,0,-64.0
5,4,31,0,0,-61.92000000000001
5,0,32,0,0,-48.800000000000004
5,1,32,1,1,-53.1
5,2,32,0,0,-47.839999999999996
5,3,32,1,1,-61.42000000000001
5,4,32,0,0,-58.56000000000001
5,0,33,0,0,-58.72000000000001
5,1,33,1,1,-53.1
5,2,33,0,0,-47.36
5,3,33,0,0,-64.0
5,4,33,0,0,-64.32000000000001
5,0,34,0,0,-47.10000000000001
5,1,34,0,0,-54.4
5,2,34,0,0,-48.160000000000004
5,3,34,0,0,-59.50000000000001
5,4,34,0,0,-59.42000000000001
5,0,35,1,1,-50.220000000000006
5,1,35,1,1,-53.1
5,2,35,1,1,-49.660000000000004
5,3,35,1,1,-61.42000000000001
5,4,35,0,0,-64.32000000000001
5,0,36,1,1,-50.220000000000006
5,1,36,1,1,-53.1
5,2,36,1,1,-49.660000000000004
5,3,36,1,1,-61.42000000000001
5,4,36,0,0,-61.26000000000001
5,0,37,0,0,-42.72
5,1,37,1,1,-53.1
5,2,37,1,1,-49.660000000000004
5,3,37,1,1,-61.42000000000001
5,4,37,0,0,-64.32000000000001
5,0,38,1,1,-50.220000000000006
5,1,38,1,1,-53.1
5,2,38,1,1,-49.660000000000004
5,3,38,1,1,-61.42000000000001
5,4,38,0,0,-64.14
5,0,39,1,1,-50.220000000000006
5,1,39,1,1,-53.1
5,2,39,1,1,-49.660000000000004
5,3,39,1,1,-61.42000000000001
5,4,39,0,0,-64.14
5,0,40,1,1,-50.220000000000006
5,1,40,1,1,-53.1
5,2,40,0,0,-45.74
5,3,40,1,1,-61.42000000000001
5,4,40,0,0,-64.0
5,0,41,1,1,-50.220000000000006
5,1,41,1,1,-53.1
5,2,41,1,1,-49.660000000000004
5,3,41,1,1,-61.42000000000001
5,4,41,0,0,-64.32000000000001
5,0,42,0,0,-47.68000000000001
5,1,42,1,1,-53.1
5,2,42,1,1,-49.660000000000004
5,3,42,0,0,-62.72000000000001
5,4,42,0,0,-64.14
5,0,43,1,1,-50.220000000000006
5,1,43,0,0,-51.839999999999996
5,2,43,1,1,-49.660000000000004
5,3,43,0,0,-58.720000000000006
5,4,43,0,0,-62.46
5,0,44,1,1,-50.220000000000006
5,1,44,1,1,-53.1
5,2,44,0,0,-47.52000000000001
5,3,44,1,1,-61.42000000000001
5,4,44,0,0,-64.14
5,0,45,1,1,-50.220000000000006
5,1,45,0,0,-51.04000000000001
5,2,45,0,0,-45.98000000000001
5,3,45,0,0,-62.78
5,4,45,0,0,-64.14
5,0,46,1,1,-50.220000000000006
5,1,46,0,0,-51.52
5,2,46,1,1,-49.660000000000004
5,3,46,0,0,-64.0
5,4,46,0,0,-64.0
5,0,47,0,0,-45.82000000000001
5,1,47,0,0,-55.42000000000001
5,2,47,1,1,-49.660000000000004
5,3,47,0,0,-64.0
5,4,47,0,0,-64.14
5,0,48,1,1,-50.220000000000006
5,1,48,0,0,-50.239999999999995
5,2,48,0,0,-48.0
5,3,48,0,0,-58.720000000000006
5,4,48,0,0,-64.32000000000001
5,0,49,0,0,-45.58000000000001
5,1,49,1,1,-53.1
5,2,49,1,1,-49.660000000000004
5,3,49,0,0,-60.06000000000001
5,4,49,0,0,-64.14
7,0,0,0,0,-47.48000000000001
7,1,0,1,1,-52.62
7,2,0,0,0,-47.32
7,3,0,0,0,-63.160000000000004
7,4,0,0,0,-61.0
7,5,0,1,1,-48.28000000000001
7,6,0,1,1,-48.92
7,0,1,0,0,-64.54
7,1,1,1,1,-52.68
7,2,1,1,1,-49.0
7,3,1,1,1,-60.52000000000001
7,4,1,1,1,-64.68
7,5,1,0,0,-45.5
7,6,1,0,0,-64.54
7,0,2,1,1,-49.220000000000006
7,1,2,0,0,-55.3
7,2,2,1,1,-49.38000000000001
7,3,2,1,1,-60.82000000000001
7,4,2,0,0,-64.00000000000001
7,5,2,0,0,-49.62
7,6,2,0,0,-45.14
7,0,3,0,0,-48.32000000000001
7,1,3,1,1,-52.50000000000001
7,2,3,1,1,-48.82
7,3,3,0,0,-58.24
7,4,3,0,0,-63.86000000000001
7,5,3,1,1,-49.14
7,6,3,1,1,-47.46000000000001
7,0,4,1,1,-50.580000000000005
7,1,4,1,1,-52.82
7,2,4,1,1,-49.06000000000001
7,3,4,0,0,-66.4
7,4,4,0,0,-62.420000000000016
7,5,4,1,1,-47.14000000000001
7,6,4,0,0,-47.68000000000001
7,0,5,1,1,-49.24
7,1,5,0,0,-49.34000000000001
7,2,5,0,0,-46.86
7,3,5,1,1,-60.68
7,4,5,0,0,-52.06
7,5,5,1,1,-50.46000000000001
7,6,5,1,1,-49.959999999999994
7,0,6,0,0,-64.46000000000001
7,1,6,1,1,-53.099999999999994
7,2,6,0,0,-47.56000000000001
7,3,6,0,0,-63.5
7,4,6,0,0,-63.10000000000001
7,5,6,0,0,-53.9
7,6,6,1,1,-52.28
7,0,7,0,0,-47.980000000000004
7,1,7,0,0,-63.660000000000004
7,2,7,0,0,-48.3
7,3,7,1,1,-60.440000000000005
7,4,7,0,0,-63.74000000000001
7,5,7,0,0,-46.84
7,6,7,0,0,-45.74
7,0,8,1,1,-53.71999999999999
7,1,8,0,0,-54.14
7,2,8,1,1,-48.92
7,3,8,1,1,-60.92
7,4,8,0,0,-63.100000000000016
7,5,8,1,1,-50.6
7,6,8,1,1,-49.5
7,0,9,0,0,-50.70000000000001
7,1,9,1,1,-53.0
7,2,9,1,1,-49.71999999999999
7,3,9,0,0,-64.60000000000001
7,4,9,0,0,-63.32000000000001
7,5,9,1,1,-48.68000000000001
7,6,9,1,1,-51.74
7,0,10,0,0,-47.5
7,1,10,0,0,-55.16000000000001
7,2,10,1,1,-49.56
7,3,10,0,0,-63.580000000000005
7,4,10,0,0,-64.38000000000001
7,5,10,1,1,-51.08
7,6,10,1,1,-48.06
7,0,11,0,0,-47.660000000000004
7,1,11,1,1,-52.12
7,2,11,1,1,-48.920000000000016
7,3,11,0,0,-65.64000000000001
7,4,11,0,0,-62.680000000000014
7,5,11,1,1,-51.80000000000001
7,6,11,1,1,-49.02
7,0,12,1,1,-49.42000000000001
7,1,12,0,0,-53.580000000000005
7,2,12,1,1,-49.18
7,3,12,0,0,-62.06
7,4,12,0,0,-63.34000000000001
7,5,12,1,1,-47.96000000000001
7,6,12,0,0,-43.88000000000001
7,0,13,1,1,-49.38000000000001
7,1,13,0,0,-58.58000000000001
7,2,13,1,1,-49.300000000000004
7,3,13,0,0,-62.24000000000001
7,4,13,0,0,-65.78
7,5,13,1,1,-47.78
7,6,13,0,0,-60.58000000000001
7,0,14,0,0,-45.64000000000001
7,1,14,0,0,-61.50000000000001
7,2,14,1,1,-50.120000000000005
7,3,14,0,0,-63.48
7,4,14,0,0,-63.580000000000005
7,5,14,1,1,-48.540000000000006
7,6,14,0,0,-47.5
7,0,15,1,1,-50.25999999999999
7,1,15,0,0,-50.82
7,2,15,0,0,-43.36000000000001
7,3,15,1,1,-60.82
7,4,15,0,0,-64.18
7,5,15,1,1,-48.420000000000016
7,6,15,1,1,-48.90000000000001
7,0,16,0,0,-51.96
7,1,16,1,1,-52.84000000000001
7,2,16,1,1,-50.12
7,3,16,1,1,-61.160000000000004
7,4,16,0,0,-63.18000000000001
7,5,16,1,1,-50.28
7,6,16,1,1,-47.26
7,0,17,0,0,-55.64000000000001
7,1,17,0,0,-53.9
7,2,17,0,0,-63.02
7,3,17,1,1,-61.1
7,4,17,0,0,-63.400000000000006
7,5,17,1,1,-49.800000000000004
7,6,17,0,0,-63.02
7,0,18,0,0,-66.78000000000002
7,1,18,0,0,-55.74000000000001
7,2,18,0,0,-47.900000000000006
7,3,18,0,0,-63.32000000000001
7,4,18,0,0,-66.94000000000001
7,5,18,0,0,-45.82
7,6,18,1,1,-53.02
7,0,19,1,1,-49.379999999999995
7,1,19,1,1,-53.540000000000006
7,2,19,0,0,-46.88000000000001
7,3,19,0,0,-64.32000000000002
7,4,19,0,0,-64.18
7,5,19,0,0,-47.36
7,6,19,1,1,-49.78
7,0,20,0,0,-47.019999999999996
7,1,20,0,0,-56.92
7,2,20,1,1,-48.84000000000001
7,3,20,0,0,-59.98
7,4,20,0,0,-63.64
7,5,20,1,1,-48.36000000000001
7,6,20,0,0,-66.28000000000002
7,0,21,0,0,-47.84
7,1,21,1,1,-52.5
7,2,21,0,0,-47.04
7,3,21,0,0,-63.36000000000001
7,4,21,0,0,-63.220000000000006
7,5,21,0,0,-44.18000000000001
7,6,21,1,1,-47.620000000000005
7,0,22,1,1,-50.50000000000001
7,1,22,1,1,-56.02
7,2,22,1,1,-48.98000000000001
7,3,22,1,1,-60.74000000000001
7,4,22,0,0,-61.300000000000026
7,5,22,0,0,-63.06000000000001
7,6,22,1,1,-47.22
7,0,23,0,0,-64.68
7,1,23,1,1,-52.440000000000005
7,2,23,0,0,-47.50000000000001
7,3,23,0,0,-64.68
7,4,23,0,0,-63.580000000000005
7,5,23,1,1,-50.760000000000005
7,6,23,1,1,-49.34
7,0,24,0,0,-50.22000000000001
7,1,24,0,0,-51.660000000000004
7,2,24,1,1,-49.16000000000001
7,3,24,0,0,-59.18000000000001
7,4,24,0,0,-65.98000000000002
7,5,24,1,1,-50.76000000000001
7,6,24,1,1,-48.38000000000001
7,0,25,0,0,-56.96000000000001
7,1,25,0,0,-51.78
7,2,25,0,0,-63.46000000000001
7,3,25,1,1,-61.220000000000006
7,4,25,0,0,-64.00000000000001
7,5,25,0,0,-58.720000000000006
7,6,25,0,0,-59.52000000000001
7,0,26,1,1,-51.019999999999996
7,1,26,1,1,-53.26
7,2,26,1,1,-49.82000000000001
7,3,26,0,0,-53.000000000000014
7,4,26,0,0,-64.14
7,5,26,1,1,-48.36
7,6,26,0,0,-48.46000000000001
7,0,27,0,0,-48.76
7,1,27,0,0,-64.76000000000002
7,2,27,1,1,-49.339999999999996
7,3,27,0,0,-64.76000000000002
7,4,27,0,0,-63.34
7,5,27,1,1,-47.800000000000004
7,6,27,1,1,-47.64000000000001
7,0,28,0,0,-48.36
7,1,28,0,0,-63.80000000000001
7,2,28,1,1,-49.339999999999996
7,3,28,1,1,-61.10000000000001
7,4,28,0,0,-67.1
7,5,28,1,1,-50.839999999999996
7,6,28,0,0,-44.68
7,0,29,1,1,-51.00000000000001
7,1,29,0,0,-64.52
7,2,29,1,1,-51.8
7,3,29,0,0,-64.84000000000002
7,4,29,0,0,-64.76
7,5,29,1,1,-52.86000000000001
7,6,29,0,0,-43.18
7,0,30,1,1,-49.480000000000004
7,1,30,0,0,-54.38000000000001
7,2,30,1,1,-49.16000000000001
7,3,30,0,0,-54.04000000000001
7,4,30,0,0,-61.24
7,5,30,1,1,-48.76
7,6,30,0,0,-45.88000000000001
7,0,31,1,1,-50.12
7,1,31,0,0,-48.68000000000001
7,2,31,0,0,-47.5
7,3,31,0,0,-63.980000000000004
7,4,31,0,0,-64.94000000000001
7,5,31,1,1,-50.84
7,6,31,0,0,-41.72
7,0,32,0,0,-45.16000000000001
7,1,32,1,1,-53.099999999999994
7,2,32,1,1,-51.099999999999994
7,3,32,0,0,-64.14000000000001
7,4,32,0,0,-64.14000000000001
7,5,32,1,1,-48.040000000000006
7,6,32,1,1,-51.400000000000006
7,0,33,1,1,-50.92000000000001
7,1,33,0,0,-57.740000000000016
7,2,33,1,1,-50.44000000000001
7,3,33,0,0,-65.42
7,4,33,0,0,-65.42
7,5,33,1,1,-52.04
7,6,33,1,1,-49.02000000000001
7,0,34,1,1,-49.8
7,1,34,0,0,-48.68000000000001
7,2,34,0,0,-47.02
7,3,34,0,0,-63.42000000000001
7,4,34,0,0,-63.32
7,5,34,1,1,-49.48
7,6,34,1,1,-49.02000000000001
7,0,35,1,1,-49.96000000000001
7,1,35,1,1,-52.279999999999994
7,2,35,0,0,-46.04
7,3,35,0,0,-61.24000000000001
7,4,35,0,0,-61.48000000000001
7,5,35,1,1,-48.379999999999995
7,6,35,0,0,-62.760000000000005
7,0,36,0,0,-46.940000000000005
7,1,36,0,0,-51.720000000000006
7,2,36,0,0,-47.34000000000001
7,3,36,0,0,-62.460000000000015
7,4,36,0,0,-64.44000000000001
7,5,36,0,0,-49.980000000000004
7,6,36,1,1,-49.82
7,0,37,0,0,-48.120000000000005
7,1,37,0,0,-63.16000000000002
7,2,37,1,1,-49.180000000000014
7,3,37,0,0,-66.38
7,4,37,0,0,-66.38
7,5,37,0,0,-45.24
7,6,37,0,0,-46.70000000000001
7,0,38,0,0,-47.260000000000005
7,1,38,0,0,-54.92
7,2,38,0,0,-47.82
7,3,38,0,0,-63.34000000000001
7,4,38,0,0,-63.34000000000001
7,5,38,0,0,-47.0
7,6,38,0,0,-59.1
7,0,39,1,1,-49.260000000000005
7,1,39,0,0,-63.50000000000002
7,2,39,0,0,-46.680000000000014
7,3,39,0,0,-61.260000000000005
7,4,39,0,0,-60.12000000000001
7,5,39,1,1,-47.24
7,6,39,1,1,-47.400000000000006
7,0,40,1,1,-49.58000000000001
7,1,40,1,1,-54.7
7,2,40,1,1,-49.18000000000001
7,3,40,0,0,-64.12
7,4,40,0,0,-64.12
7,5,40,1,1,-51.48000000000001
7,6,40,0,0,-46.220000000000006
7,0,41,1,1,-52.28000000000001
7,1,41,1,1,-53.400000000000006
7,2,41,0,0,-44.68000000000001
7,3,41,0,0,-63.26000000000001
7,4,41,1,1,-63.000000000000014
7,5,41,1,1,-50.36000000000001
7,6,41,1,1,-48.86
7,0,42,1,1,-50.50000000000001
7,1,42,0,0,-53.28000000000001
7,2,42,1,1,-48.98000000000001
7,3,42,0,0,-63.04000000000001
7,4,42,0,0,-61.540000000000006
7,5,42,0,0,-47.52
7,6,42,1,1,-49.379999999999995
7,0,43,0,0,-57.60000000000001
7,1,43,0,0,-57.300000000000004
7,2,43,1,1,-50.02000000000001
7,3,43,1,1,-60.74000000000001
7,4,43,0,0,-63.70000000000002
7,5,43,1,1,-48.900000000000006
7,6,43,1,1,-49.300000000000004
7,0,44,1,1,-49.480000000000004
7,1,44,0,0,-56.46000000000001
7,2,44,1,1,-49.96000000000001
7,3,44,0,0,-64.38000000000001
7,4,44,0,0,-64.44000000000001
7,5,44,1,1,-47.480000000000004
7,6,44,0,0,-51.16
7,0,45,0,0,-44.220000000000006
7,1,45,1,1,-52.120000000000005
7,2,45,1,1,-49.96000000000001
7,3,45,0,0,-65.42
7,4,45,0,0,-65.42
7,5,45,0,0,-44.13999999999999
7,6,45,1,1,-47.08
7,0,46,1,1,-49.32
7,1,46,1,1,-53.720000000000006
7,2,46,0,0,-47.660000000000004
7,3,46,0,0,-65.26
7,4,46,0,0,-64.92000000000002
7,5,46,0,0,-65.26
7,6,46,1,1,-49.88000000000001
7,0,47,1,1,-50.220000000000006
7,1,47,0,0,-57.34000000000001
7,2,47,1,1,-48.86
7,3,47,1,1,-61.10000000000001
7,4,47,0,0,-55.980000000000004
7,5,47,1,1,-47.40000000000001
7,6,47,0,0,-49.900000000000006
7,0,48,0,0,-61.28000000000001
7,1,48,1,1,-52.49999999999999
7,2,48,1,1,-49.06000000000001
7,3,48,1,1,-60.81999999999999
7,4,48,0,0,-63.52000000000002
7,5,48,1,1,-48.18
7,6,48,1,1,-48.10000000000001
7,0,49,0,0,-47.58
7,1,49,0,0,-52.38000000000001
7,2,49,1,1,-51.56
7,3,49,0,0,-67.34000000000002
7,4,49,0,0,-65.74
7,5,49,1,1,-51.88000000000001
7,6,49,1,1,-52.220000000000006
10,0,0,0,0,-57.74
10,1,0,0,0,-53.58
10,2,0,0,0,-43.82000000000001
10,3,0,0,0,-67.74
10,4,0,0,0,-67.02000000000001
10,5,0,0,0,-64.46
10,6,0,1,1,-49.02
10,7,0,1,1,-46.059999999999995
10,8,0,0,0,-66.38000000000001
10,9,0,0,0,-67.34
10,0,1,1,1,-51.160000000000004
10,1,1,0,0,-52.60000000000001
10,2,1,1,1,-49.0
10,3,1,0,0,-62.16
10,4,1,0,0,-64.16000000000001
10,5,1,1,1,-47.72
10,6,1,0,0,-51.16000000000001
10,7,1,1,1,-47.68000000000001
10,8,1,1,1,-48.96
10,9,1,1,1,-46.56
10,0,2,0,0,-63.46000000000001
10,1,2,0,0,-64.74
10,2,2,0,0,-47.940000000000005
10,3,2,0,0,-64.02
10,4,2,0,0,-64.82
10,5,2,1,1,-52.66
10,6,2,0,0,-53.78
10,7,2,1,1,-49.86000000000001
10,8,2,1,1,-46.9
10,9,2,1,1,-48.42
10,0,3,0,0,-66.44000000000001
10,1,3,0,0,-59.68
10,2,3,0,0,-58.96
10,3,3,0,0,-65.16000000000001
10,4,3,0,0,-66.12000000000002
10,5,3,0,0,-49.20000000000001
10,6,3,0,0,-49.6
10,7,3,0,0,-58.160000000000004
10,8,3,0,0,-59.52
10,9,3,1,1,-46.480000000000004
10,0,4,0,0,-64.39999999999999
10,1,4,0,0,-63.88
10,2,4,0,0,-50.440000000000005
10,3,4,0,0,-57.00000000000001
10,4,4,0,0,-65.35999999999999
10,5,4,1,1,-47.76000000000001
10,6,4,1,1,-49.720000000000006
10,7,4,0,0,-46.96
10,8,4,1,1,-51.04
10,9,4,0,0,-48.16
10,0,5,0,0,-46.260000000000005
10,1,5,0,0,-54.33999999999999
10,2,5,1,1,-48.74
10,3,5,0,0,-64.58
10,4,5,0,0,-64.02000000000001
10,5,5,0,0,-63.7
10,6,5,0,0,-64.58
10,7,5,0,0,-46.26
10,8,5,0,0,-63.78000000000001
10,9,5,0,0,-64.02000000000001
10,0,6,1,1,-49.86000000000001
10,1,6,0,0,-55.22
10,2,6,0,0,-45.93999999999999
10,3,6,1,1,-60.34
10,4,6,0,0,-59.220000000000006
10,5,6,0,0,-47.38
10,6,6,1,1,-49.77999999999999
10,7,6,0,0,-41.379999999999995
10,8,6,1,1,-46.01999999999999
10,9,6,1,1,-51.54
10,0,7,0,0,-67.87999999999998
10,1,7,1,1,-53.839999999999996
10,2,7,0,0,-48.680000000000014
10,3,7,0,0,-67.87999999999998
10,4,7,0,0,-67.87999999999998
10,5,7,1,1,-48.319999999999986
10,6,7,1,1,-47.279999999999994
10,7,7,0,0,-67.84000000000002
10,8,7,0,0,-67.87999999999998
10,9,7,1,1,-51.2
10,0,8,1,1,-49.92
10,1,8,1,1,-50.88
10,2,8,0,0,-47.72
10,3,8,0,0,-62.48
10,4,8,0,0,-62.760000000000005
10,5,8,0,0,-63.080000000000005
10,6,8,0,0,-44.52
10,7,8,1,1,-50.88000000000001
10,8,8,0,0,-63.080000000000005
10,9,8,1,1,-47.2
10,0,9,1,1,-49.52
10,1,9,0,0,-64.2
10,2,9,1,1,-50.080000000000005
10,3,9,0,0,-64.03999999999999
10,4,9,0,0,-63.879999999999995
10,5,9,0,0,-64.12
10,6,9,0,0,-64.12
10,7,9,1,1,-49.559999999999995
10,8,9,1,1,-46.519999999999996
10,9,9,0,0,-47.96
10,0,10,0,0,-67.38000000000001
10,1,10,0,0,-54.740000000000016
10,2,10,1,1,-48.980000000000004
10,3,10,0,0,-67.38000000000001
10,4,10,0,0,-67.3
10,5,10,1,1,-48.339999999999996
10,6,10,1,1,-51.94
10,7,10,1,1,-48.82
10,8,10,0,0,-48.980000000000004
10,9,10,0,0,-67.38000000000001
10,0,11,0,0,-49.040000000000006
10,1,11,0,0,-64.4
10,2,11,0,0,-47.72
10,3,11,0,0,-64.32
10,4,11,0,0,-63.400000000000006
10,5,11,1,1,-50.68
10,6,11,1,1,-50.32
10,7,11,1,1,-48.08
10,8,11,0,0,-40.44000000000001
10,9,11,1,1,-47.64000000000001
10,0,12,0,0,-63.68
10,1,12,1,1,-50.720000000000006
10,2,12,1,1,-50.4
10,3,12,0,0,-63.68
10,4,12,0,0,-63.35999999999999
10,5,12,1,1,-49.2
10,6,12,1,1,-48.64000000000001
10,7,12,0,0,-44.36
10,8,12,1,1,-51.63999999999999
10,9,12,1,1,-47.160000000000004
10,0,13,0,0,-46.239999999999995
10,1,13,0,0,-66.68
10,2,13,0,0,-43.71999999999999
10,3,13,0,0,-66.76000000000002
10,4,13,0,0,-66.76000000000002
10,5,13,1,1,-51.32000000000001
10,6,13,1,1,-48.43999999999999
10,7,13,0,0,-66.68
10,8,13,0,0,-65.11999999999999
10,9,13,1,1,-46.919999999999995
10,0,14,1,1,-50.400000000000006
10,1,14,0,0,-53.48
10,2,14,1,1,-49.2
10,3,14,0,0,-63.92
10,4,14,0,0,-63.88
10,5,14,1,1,-50.48
10,6,14,1,1,-48.839999999999996
10,7,14,1,1,-48.07999999999999
10,8,14,0,0,-47.16
10,9,14,0,0,-51.28
10,0,15,0,0,-48.5
10,1,15,0,0,-54.02000000000001
10,2,15,0,0,-48.9
10,3,15,0,0,-60.82000000000001
10,4,15,0,0,-68.74
10,5,15,1,1,-50.660000000000004
10,6,15,0,0,-68.58
10,7,15,0,0,-67.46000000000001
10,8,15,0,0,-47.620000000000005
10,9,15,0,0,-54.66
10,0,16,0,0,-52.160000000000004
10,1,16,0,0,-53.44
10,2,16,0,0,-47.68
10,3,16,0,0,-65.52
10,4,16,0,0,-65.39999999999999
10,5,16,1,1,-47.839999999999996
10,6,16,1,1,-48.52
10,7,16,0,0,-65.76
10,8,16,1,1,-48.400000000000006
10,9,16,1,1,-50.07999999999999
10,0,17,1,1,-48.11999999999999
10,1,17,0,0,-64.32000000000001
10,2,17,1,1,-48.11999999999999
10,3,17,0,0,-65.0
10,4,17,0,0,-64.44000000000001
10,5,17,0,0,-51.12
10,6,17,0,0,-65.80000000000001
10,7,17,1,1,-48.080000000000005
10,8,17,0,0,-65.76
10,9,17,1,1,-52.4
10,0,18,1,1,-49.2
10,1,18,0,0,-66.15999999999998
10,2,18,0,0,-46.60000000000001
10,3,18,0,0,-66.2
10,4,18,0,0,-64.91999999999999
10,5,18,0,0,-45.31999999999999
10,6,18,0,0,-63.68000000000001
10,7,18,0,0,-43.32
10,8,18,0,0,-66.2
10,9,18,1,1,-47.68
10,0,19,0,0,-60.14
10,1,19,0,0,-51.02000000000001
10,2,19,1,1,-47.900000000000006
10,3,19,0,0,-70.94
10,4,19,0,0,-71.01999999999998
10,5,19,0,0,-46.85999999999999
10,6,19,0,0,-70.06
10,7,19,1,1,-48.540000000000006
10,8,19,1,1,-46.29999999999999
10,9,19,0,0,-63.260000000000005
10,0,20,0,0,-54.42
10,1,20,0,0,-52.900000000000006
10,2,20,1,1,-48.98
10,3,20,0,0,-64.17999999999999
10,4,20,0,0,-63.539999999999985
10,5,20,1,1,-50.580000000000005
10,6,20,1,1,-48.26
10,7,20,0,0,-62.58
10,8,20,0,0,-57.86
10,9,20,0,0,-60.1
10,0,21,0,0,-53.080000000000005
10,1,21,0,0,-51.32
10,2,21,0,0,-55.239999999999995
10,3,21,0,0,-64.88000000000001
10,4,21,0,0,-67.16000000000001
10,5,21,1,1,-51.36000000000001
10,6,21,0,0,-67.16000000000001
10,7,21,1,1,-48.28
10,8,21,0,0,-52.28
10,9,21,0,0,-67.16000000000001
10,0,22,0,0,-62.06
10,1,22,1,1,-52.14
10,2,22,0,0,-56.059999999999995
10,3,22,0,0,-61.81999999999999
10,4,22,0,0,-60.38
10,5,22,0,0,-45.42
10,6,22,0,0,-56.059999999999995
10,7,22,0,0,-50.38
10,8,22,0,0,-45.49999999999999
10,9,22,0,0,-43.02000000000001
10,0,23,0,0,-66.52000000000001
10,1,23,1,1,-52.080000000000005
10,2,23,0,0,-47.88000000000001
10,3,23,0,0,-66.72000000000001
10,4,23,0,0,-65.64000000000001
10,5,23,1,1,-48.84
10,6,23,0,0,-56.76000000000001
10,7,23,1,1,-48.640000000000015
10,8,23,0,0,-45.88
10,9,23,0,0,-66.72000000000001
10,0,24,0,0,-73.48
10,1,24,0,0,-75.00000000000001
10,2,24,1,1,-49.24
10,3,24,0,0,-75.00000000000001
10,4,24,0,0,-75.00000000000001
10,5,24,0,0,-71.96000000000001
10,6,24,0,0,-46.84
10,7,24,0,0,-73.20000000000002
10,8,24,0,0,-47.35999999999999
10,9,24,0,0,-54.88
10,0,25,0,0,-50.400000000000006
10,1,25,0,0,-59.19999999999999
10,2,25,0,0,-59.19999999999999
10,3,25,0,0,-60.800000000000004
10,4,25,0,0,-64.68
10,5,25,1,1,-47.75999999999999
10,6,25,0,0,-55.04
10,7,25,0,0,-46.120000000000005
10,8,25,1,1,-50.00000000000001
10,9,25,0,0,-42.16
10,0,26,0,0,-46.49999999999999
10,1,26,0,0,-68.18
10,2,26,0,0,-68.82000000000002
10,3,26,0,0,-68.82000000000002
10,4,26,0,0,-64.66000000000001
10,5,26,1,1,-51.78
10,6,26,0,0,-45.86
10,7,26,0,0,-48.580000000000005
10,8,26,0,0,-68.82000000000002
10,9,26,1,1,-48.97999999999999
10,0,27,1,1,-50.28000000000001
10,1,27,0,0,-48.56
10,2,27,1,1,-51.480000000000004
10,3,27,0,0,-64.84
10,4,27,0,0,-65.64
10,5,27,1,1,-49.839999999999996
10,6,27,1,1,-48.76
10,7,27,1,1,-50.64
10,8,27,0,0,-50.2
10,9,27,0,0,-66.0
10,0,28,0,0,-65.7
10,1,28,0,0,-65.7
10,2,28,0,0,-65.7
10,3,28,1,1,-59.38
10,4,28,0,0,-65.7
10,5,28,0,0,-44.419999999999995
10,6,28,1,1,-49.06
10,7,28,0,0,-52.26
10,8,28,0,0,-46.18
10,9,28,0,0,-51.14
10,0,29,0,0,-47.24000000000001
10,1,29,0,0,-54.68
10,2,29,0,0,-46.52000000000001
10,3,29,0,0,-63.04
10,4,29,0,0,-64.03999999999999
10,5,29,0,0,-49.199999999999996
10,6,29,1,1,-49.6
10,7,29,1,1,-51.56000000000001
10,8,29,1,1,-47.6
10,9,29,0,0,-49.84000000000001
10,0,30,1,1,-49.739999999999995
10,1,30,0,0,-51.5
10,2,30,1,1,-48.62
10,3,30,0,0,-58.699999999999996
10,4,30,0,0,-65.02000000000001
10,5,30,1,1,-49.5
10,6,30,0,0,-45.18
10,7,30,0,0,-45.660000000000004
10,8,30,1,1,-47.580000000000005
10,9,30,0,0,-42.78000000000001
10,0,31,0,0,-45.18000000000001
10,1,31,0,0,-54.06
10,2,31,1,1,-48.86
10,3,31,0,0,-65.58000000000001
10,4,31,0,0,-65.25999999999999
10,5,31,0,0,-45.580000000000005
10,6,31,0,0,-65.25999999999999
10,7,31,0,0,-53.900000000000006
10,8,31,0,0,-53.02
10,9,31,1,1,-47.099999999999994
10,0,32,0,0,-47.28000000000001
10,1,32,0,0,-56.239999999999995
10,2,32,0,0,-46.720000000000006
10,3,32,0,0,-63.36000000000001
10,4,32,0,0,-63.36000000000001
10,5,32,0,0,-52.519999999999996
10,6,32,1,1,-48.47999999999999
10,7,32,0,0,-44.12
10,8,32,0,0,-49.0
10,9,32,1,1,-51.519999999999996
10,0,33,1,1,-54.599999999999994
10,1,33,0,0,-48.400000000000006
10,2,33,1,1,-48.76
10,3,33,0,0,-68.44
10,4,33,0,0,-67.67999999999999
10,5,33,1,1,-49.67999999999999
10,6,33,0,0,-57.08
10,7,33,0,0,-67.36
10,8,33,0,0,-44.59999999999999
10,9,33,1,1,-49.84
10,0,34,0,0,-45.02
10,1,34,0,0,-60.86
10,2,34,0,0,-65.34
10,3,34,0,0,-65.34
10,4,34,0,0,-63.18
10,5,34,0,0,-65.34
10,6,34,0,0,-51.739999999999995
10,7,34,0,0,-45.660000000000004
10,8,34,1,1,-49.49999999999999
10,9,34,1,1,-52.940000000000005
10,0,35,0,0,-66.58
10,1,35,0,0,-64.26
10,2,35,1,1,-48.5
10,3,35,0,0,-62.74000000000001
10,4,35,0,0,-66.74000000000001
10,5,35,1,1,-48.66
10,6,35,0,0,-62.980000000000004
10,7,35,1,1,-48.82
10,8,35,0,0,-65.62
10,9,35,0,0,-65.3
10,0,36,0,0,-51.92
10,1,36,0,0,-56.160000000000004
10,2,36,1,1,-49.279999999999994
10,3,36,0,0,-62.84
10,4,36,0,0,-59.36
10,5,36,0,0,-51.88
10,6,36,0,0,-53.31999999999999
10,7,36,1,1,-49.64000000000001
10,8,36,0,0,-36.96
10,9,36,0,0,-55.4
10,0,37,1,1,-49.62000000000001
10,1,37,0,0,-58.50000000000001
10,2,37,1,1,-47.620000000000005
10,3,37,0,0,-63.78
10,4,37,0,0,-63.86
10,5,37,1,1,-48.25999999999999
10,6,37,0,0,-55.540000000000006
10,7,37,0,0,-45.940000000000005
10,8,37,1,1,-45.62
10,9,37,1,1,-47.059999999999995
10,0,38,0,0,-67.92
10,1,38,0,0,-53.28
10,2,38,1,1,-47.99999999999999
10,3,38,0,0,-67.64
10,4,38,0,0,-67.92
10,5,38,1,1,-48.16000000000001
10,6,38,0,0,-44.48
10,7,38,1,1,-47.63999999999999
10,8,38,1,1,-49.08
10,9,38,1,1,-51.839999999999996
10,0,39,0,0,-66.56
10,1,39,0,0,-66.24
10,2,39,0,0,-46.88000000000001
10,3,39,0,0,-66.56
10,4,39,0,0,-66.56
10,5,39,1,1,-46.400000000000006
10,6,39,1,1,-48.63999999999999
10,7,39,0,0,-49.39999999999999
10,8,39,1,1,-49.160000000000004
10,9,39,0,0,-46.31999999999999
10,0,40,0,0,-65.36
10,1,40,0,0,-58.04
10,2,40,1,1,-49.24
10,3,40,1,1,-61.160000000000004
10,4,40,0,0,-64.68
10,5,40,1,1,-48.720000000000006
10,6,40,0,0,-58.84
10,7,40,1,1,-47.88
10,8,40,0,0,-62.83999999999999
10,9,40,1,1,-47.519999999999996
10,0,41,0,0,-66.11999999999999
10,1,41,0,0,-66.11999999999999
10,2,41,0,0,-46.199999999999996
10,3,41,0,0,-66.32000000000001
10,4,41,0,0,-66.20000000000002
10,5,41,1,1,-48.84000000000001
10,6,41,0,0,-66.11999999999999
10,7,41,0,0,-41.96000000000001
10,8,41,1,1,-50.239999999999995
10,9,41,0,0,-56.04
10,0,42,1,1,-50.000000000000014
10,1,42,0,0,-51.84000000000001
10,2,42,1,1,-50.239999999999995
10,3,42,0,0,-65.08
10,4,42,0,0,-65.2
10,5,42,0,0,-65.08
10,6,42,1,1,-48.440000000000005
10,7,42,1,1,-48.16
10,8,42,1,1,-48.239999999999995
10,9,42,0,0,-47.4
10,0,43,0,0,-49.940000000000005
10,1,43,0,0,-67.38000000000001
10,2,43,1,1,-52.42
10,3,43,0,0,-66.97999999999999
10,4,43,0,0,-67.38000000000001
10,5,43,0,0,-49.86
10,6,43,1,1,-48.26
10,7,43,1,1,-50.98
10,8,43,1,1,-50.34
10,9,43,1,1,-47.06
10,0,44,0,0,-65.86000000000001
10,1,44,0,0,-65.86000000000001
10,2,44,1,1,-48.819999999999986
10,3,44,0,0,-65.78
10,4,44,0,0,-65.86000000000001
10,5,44,1,1,-48.660000000000004
10,6,44,0,0,-49.38000000000001
10,7,44,0,0,-65.86000000000001
10,8,44,0,0,-43.699999999999996
10,9,44,1,1,-51.7
10,0,45,0,0,-69.72
10,1,45,0,0,-70.56
10,2,45,1,1,-49.04
10,3,45,0,0,-65.24
10,4,45,0,0,-70.28000000000002
10,5,45,0,0,-71.83999999999999
10,6,45,0,0,-48.12
10,7,45,0,0,-45.080000000000005
10,8,45,0,0,-40.2
10,9,45,0,0,-57.480000000000004
10,0,46,1,1,-50.18
10,1,46,0,0,-62.10000000000001
10,2,46,0,0,-54.49999999999999
10,3,46,0,0,-63.699999999999996
10,4,46,0,0,-63.62000000000001
10,5,46,1,1,-49.86
10,6,46,0,0,-63.699999999999996
10,7,46,0,0,-42.42
10,8,46,0,0,-46.50000000000001
10,9,46,0,0,-59.46000000000001
10,0,47,0,0,-58.3
10,1,47,0,0,-57.980000000000004
10,2,47,1,1,-49.58
10,3,47,0,0,-64.06
10,4,47,0,0,-62.54
10,5,47,0,0,-46.7
10,6,47,1,1,-53.5
10,7,47,0,0,-44.86
10,8,47,0,0,-47.42000000000001
10,9,47,1,1,-50.379999999999995
10,0,48,0,0,-48.260000000000005
10,1,48,0,0,-48.49999999999999
10,2,48,0,0,-46.580000000000005
10,3,48,0,0,-64.17999999999999
10,4,48,0,0,-60.74
10,5,48,0,0,-47.22
10,6,48,1,1,-49.54
10,7,48,1,1,-51.46
10,8,48,1,1,-48.900000000000006
10,9,48,0,0,-48.58
10,0,49,1,1,-49.82
10,1,49,0,0,-50.62000000000001
10,2,49,1,1,-49.82
10,3,49,0,0,-63.580000000000005
10,4,49,0,0,-59.42
10,5,49,0,0,-52.86
10,6,49,0,0,-54.78
10,7,49,0,0,-54.300000000000004
10,8,49,0,0,-54.78
10,9,49,0,0,-52.22
12,0,0,0,0,-65.32000000000001
12,1,0,0,0,-65.32000000000001
12,2,0,1,1,-50.6
12,3,0,0,0,-64.75999999999999
12,4,0,0,0,-65.24000000000001
12,5,0,1,1,-48.279999999999994
12,6,0,1,1,-47.63999999999999
12,7,0,1,1,-50.44
12,8,0,1,1,-47.8
12,9,0,1,1,-47.48
12,10,0,1,1,-48.440000000000005
12,11,0,0,0,-48.52
12,0,1,1,1,-50.839999999999996
12,1,1,0,0,-59.64
12,2,1,0,0,-47.800000000000004
12,3,1,0,0,-64.36
12,4,1,0,0,-65.24000000000001
12,5,1,0,0,-49.32000000000001
12,6,1,1,1,-46.52
12,7,1,1,1,-47.879999999999995
12,8,1,0,0,-53.24
12,9,1,0,0,-45.56
12,10,1,0,0,-46.75999999999999
12,11,1,0,0,-48.919999999999995
12,0,2,0,0,-46.92
12,1,2,0,0,-67.4
12,2,2,0,0,-55.88
12,3,2,0,0,-65.80000000000001
12,4,2,0,0,-65.72000000000001
12,5,2,0,0,-49.24
12,6,2,1,1,-47.72
12,7,2,0,0,-67.4
12,8,2,0,0,-49.87999999999999
12,9,2,1,1,-51.64
12,10,2,0,0,-66.36000000000001
12,11,2,0,0,-43.64
12,0,3,0,0,-63.480000000000004
12,1,3,0,0,-65.24000000000001
12,2,3,1,1,-50.599999999999994
12,3,3,0,0,-64.2
12,4,3,0,0,-62.599999999999994
12,5,3,0,0,-47.0
12,6,3,0,0,-49.07999999999999
12,7,3,1,1,-49.400000000000006
12,8,3,1,1,-51.16
12,9,3,0,0,-52.04
12,10,3,1,1,-48.28000000000001
12,11,3,0,0,-51.56000000000001
12,0,4,1,1,-48.28
12,1,4,0,0,-66.75999999999999
12,2,4,0,0,-46.76
12,3,4,0,0,-68.44
12,4,4,0,0,-69.0
12,5,4,1,1,-48.04
12,6,4,1,1,-48.36
12,7,4,0,0,-69.47999999999999
12,8,4,1,1,-46.76
12,9,4,1,1,-48.12
12,10,4,0,0,-69.47999999999999
12,11,4,0,0,-69.47999999999999
12,0,5,0,0,-69.10000000000001
12,1,5,0,0,-69.10000000000001
12,2,5,1,1,-50.94000000000001
12,3,5,0,0,-68.82000000000001
12,4,5,0,0,-68.82
12,5,5,1,1,-47.980000000000004
12,6,5,1,1,-48.17999999999999
12,7,5,0,0,-55.1
12,8,5,0,0,-67.94
12,9,5,1,1,-48.18
12,10,5,0,0,-47.50000000000001
12,11,5,0,0,-69.10000000000001
12,0,6,0,0,-48.02
12,1,6,0,0,-48.980000000000004
12,2,6,1,1,-49.980000000000004
12,3,6,0,0,-58.099999999999994
12,4,6,0,0,-64.54
12,5,6,1,1,-49.86
12,6,6,0,0,-44.660000000000004
12,7,6,0,0,-63.17999999999999
12,8,6,1,1,-49.38000000000001
12,9,6,0,0,-53.82
12,10,6,0,0,-64.58000000000001
12,11,6,0,0,-59.980000000000004
12,0,7,1,1,-49.63999999999999
12,1,7,0,0,-67.8
12,2,7,0,0,-58.360000000000014
12,3,7,0,0,-67.8
12,4,7,0,0,-67.0
12,5,7,0,0,-59.88
12,6,7,0,0,-66.84
12,7,7,0,0,-57.8
12,8,7,1,1,-47.559999999999995
12,9,7,0,0,-66.44
12,10,7,0,0,-66.44
12,11,7,0,0,-61.239999999999995
12,0,8,0,0,-64.0
12,1,8,0,0,-51.36000000000001
12,2,8,1,1,-49.919999999999995
12,3,8,0,0,-65.19999999999999
12,4,8,0,0,-64.0
12,5,8,1,1,-48.48
12,6,8,1,1,-47.68
12,7,8,0,0,-44.08
12,8,8,0,0,-49.120000000000005
12,9,8,1,1,-49.92
12,10,8,0,0,-55.84
12,11,8,0,0,-51.84
12,0,9,0,0,-63.0
12,1,9,0,0,-61.24
12,2,9,1,1,-50.199999999999996
12,3,9,0,0,-63.32
12,4,9,0,0,-63.239999999999995
12,5,9,0,0,-43.96
12,6,9,1,1,-49.559999999999995
12,7,9,1,1,-50.68000000000001
12,8,9,1,1,-48.67999999999999
12,9,9,0,0,-59.959999999999994
12,10,9,0,0,-62.12
12,11,9,1,1,-48.52000000000001
12,0,10,0,0,-49.75999999999999
12,1,10,0,0,-50.88
12,2,10,0,0,-63.92000000000001
12,3,10,0,0,-64.0
12,4,10,1,1,-63.279999999999994
12,5,10,0,0,-50.24000000000001
12,6,10,1,1,-47.36
12,7,10,0,0,-62.400000000000006
12,8,10,1,1,-51.12
12,9,10,1,1,-48.400000000000006
12,10,10,0,0,-64.08
12,11,10,0,0,-50.720000000000006
12,0,11,0,0,-47.660000000000004
12,1,11,0,0,-64.7
12,2,11,1,1,-49.06000000000001
12,3,11,0,0,-61.50000000000001
12,4,11,0,0,-65.25999999999999
12,5,11,0,0,-66.34
12,6,11,0,0,-66.34
12,7,11,1,1,-47.18000000000001
12,8,11,0,0,-46.9
12,9,11,1,1,-45.41999999999999
12,10,11,1,1,-48.46
12,11,11,1,1,-50.34000000000001
12,0,12,0,0,-63.48000000000001
12,1,12,0,0,-64.44
12,2,12,0,0,-52.92000000000001
12,3,12,0,0,-65.96
12,4,12,0,0,-66.28
12,5,12,1,1,-49.00000000000001
12,6,12,0,0,-66.28
12,7,12,0,0,-63.080000000000005
12,8,12,1,1,-45.08
12,9,12,0,0,-53.32
12,10,12,1,1,-51.31999999999999
12,11,12,0,0,-59.80000000000001
12,0,13,0,0,-67.1
12,1,13,1,1,-53.78000000000001
12,2,13,0,0,-67.14000000000001
12,3,13,0,0,-62.1
12,4,13,0,0,-66.98
12,5,13,1,1,-47.46
12,6,13,0,0,-64.78
12,7,13,1,1,-46.339999999999996
12,8,13,1,1,-49.82
12,9,13,0,0,-55.18000000000001
12,10,13,0,0,-67.18000000000002
12,11,13,0,0,-65.62
12,0,14,0,0,-49.760000000000005
12,1,14,0,0,-64.08000000000001
12,2,14,1,1,-48.64000000000001
12,3,14,0,0,-64.24000000000001
12,4,14,0,0,-66.16
12,5,14,1,1,-50.72000000000001
12,6,14,1,1,-48.88
12,7,14,1,1,-50.0
12,8,14,0,0,-66.16
12,9,14,0,0,-63.04
12,10,14,1,1,-46.879999999999995
12,11,14,0,0,-50.56
12,0,15,0,0,-71.82000000000001
12,1,15,0,0,-62.02000000000001
12,2,15,1,1,-50.660000000000004
12,3,15,0,0,-72.01999999999998
12,4,15,0,0,-72.01999999999998
12,5,15,0,0,-45.9
12,6,15,0,0,-72.01999999999998
12,7,15,0,0,-43.78000000000001
12,8,15,0,0,-62.38000000000001
12,9,15,0,0,-70.17999999999999
12,10,15,0,0,-67.86000000000001
12,11,15,0,0,-72.01999999999998
12,0,16,0,0,-70.52000000000001
12,1,16,0,0,-68.36
12,2,16,1,1,-48.199999999999996
12,3,16,0,0,-66.52
12,4,16,0,0,-70.52000000000001
12,5,16,0,0,-58.68
12,6,16,0,0,-66.83999999999999
12,7,16,0,0,-69.47999999999999
12,8,16,1,1,-46.839999999999996
12,9,16,0,0,-56.839999999999996
12,10,16,1,1,-48.760000000000005
12,11,16,1,1,-47.0
12,0,17,0,0,-64.48
12,1,17,1,1,-51.440000000000005
12,2,17,1,1,-49.28
12,3,17,0,0,-64.64000000000001
12,4,17,0,0,-64.4
12,5,17,0,0,-64.64000000000001
12,6,17,0,0,-49.52
12,7,17,0,0,-64.48
12,8,17,0,0,-61.760000000000005
12,9,17,0,0,-46.480000000000004
12,10,17,1,1,-49.36
12,11,17,0,0,-43.28000000000001
12,0,18,0,0,-49.62
12,1,18,0,0,-56.86
12,2,18,0,0,-52.099999999999994
12,3,18,0,0,-64.86
12,4,18,0,0,-64.54000000000002
12,5,18,1,1,-49.62
12,6,18,0,0,-45.300000000000004
12,7,18,0,0,-51.14
12,8,18,0,0,-50.26
12,9,18,0,0,-52.46
12,10,18,0,0,-42.33999999999999
12,11,18,1,1,-49.62
12,0,19,0,0,-65.89999999999999
12,1,19,0,0,-59.78
12,2,19,0,0,-59.9
12,3,19,0,0,-63.54
12,4,19,0,0,-65.89999999999999
12,5,19,0,0,-45.699999999999996
12,6,19,0,0,-46.419999999999995
12,7,19,0,0,-43.7
12,8,19,0,0,-47.7
12,9,19,1,1,-45.540000000000006
12,10,19,1,1,-47.42000000000001
12,11,19,1,1,-46.419999999999995
12,0,20,0,0,-51.3
12,1,20,0,0,-66.30000000000001
12,2,20,1,1,-47.65999999999999
12,3,20,0,0,-66.46000000000001
12,4,20,0,0,-66.34
12,5,20,1,1,-50.06000000000001
12,6,20,1,1,-48.81999999999999
12,7,20,0,0,-66.05999999999999
12,8,20,0,0,-66.34
12,9,20,1,1,-45.699999999999996
12,10,20,0,0,-44.3
12,11,20,0,0,-65.74
12,0,21,0,0,-47.540000000000006
12,1,21,0,0,-52.53999999999999
12,2,21,0,0,-47.06
12,3,21,0,0,-61.580000000000005
12,4,21,0,0,-61.1
12,5,21,1,1,-50.26
12,6,21,0,0,-41.06
12,7,21,0,0,-48.57999999999999
12,8,21,1,1,-47.02
12,9,21,0,0,-47.1
12,10,21,0,0,-50.059999999999995
12,11,21,1,1,-51.980000000000004
12,0,22,0,0,-50.66
12,1,22,0,0,-64.86
12,2,22,1,1,-49.739999999999995
12,3,22,0,0,-64.18
12,4,22,0,0,-64.54
12,5,22,0,0,-53.739999999999995
12,6,22,0,0,-48.22000000000001
12,7,22,0,0,-63.74000000000001
12,8,22,0,0,-53.779999999999994
12,9,22,0,0,-45.94
12,10,22,1,1,-48.30000000000001
12,11,22,0,0,-64.1
12,0,23,0,0,-66.25999999999999
12,1,23,0,0,-66.5
12,2,23,1,1,-50.7
12,3,23,0,0,-66.5
12,4,23,0,0,-66.5
12,5,23,0,0,-66.46
12,6,23,0,0,-65.30000000000001
12,7,23,0,0,-50.54
12,8,23,0,0,-66.5
12,9,23,0,0,-65.14
12,10,23,0,0,-65.82000000000001
12,11,23,0,0,-38.699999999999996
12,0,24,0,0,-72.00000000000001
12,1,24,0,0,-54.720000000000006
12,2,24,0,0,-45.120000000000005
12,3,24,0,0,-71.92
12,4,24,0,0,-71.76
12,5,24,1,1,-49.519999999999996
12,6,24,1,1,-47.84
12,7,24,0,0,-57.60000000000001
12,8,24,0,0,-45.36
12,9,24,0,0,-46.08
12,10,24,1,1,-50.559999999999995
12,11,24,0,0,-69.28000000000002
12,0,25,0,0,-48.519999999999996
12,1,25,0,0,-51.56
12,2,25,1,1,-51.24
12,3,25,0,0,-60.360000000000014
12,4,25,0,0,-63.8
12,5,25,0,0,-45.4
12,6,25,0,0,-49.480000000000004
12,7,25,0,0,-63.32
12,8,25,0,0,-63.8
12,9,25,0,0,-46.68000000000001
12,10,25,1,1,-45.88000000000001
12,11,25,0,0,-47.160000000000004
12,0,26,0,0,-43.51999999999999
12,1,26,0,0,-68.16
12,2,26,0,0,-64.48
12,3,26,0,0,-67.84000000000002
12,4,26,0,0,-68.16
12,5,26,1,1,-46.47999999999999
12,6,26,0,0,-68.16
12,7,26,0,0,-68.16
12,8,26,0,0,-68.16
12,9,26,1,1,-46.32
12,10,26,0,0,-68.16
12,11,26,0,0,-52.879999999999995
12,0,27,0,0,-48.22
12,1,27,0,0,-54.18
12,2,27,1,1,-47.54
12,3,27,0,0,-63.1
12,4,27,0,0,-64.46
12,5,27,0,0,-50.220000000000006
12,6,27,0,0,-52.260000000000005
12,7,27,0,0,-64.54
12,8,27,0,0,-46.49999999999999
12,9,27,0,0,-43.82
12,10,27,0,0,-46.10000000000001
12,11,27,0,0,-51.1
12,0,28,0,0,-66.60000000000001
12,1,28,0,0,-63.56
12,2,28,1,1,-50.76000000000001
12,3,28,0,0,-66.52000000000001
12,4,28,0,0,-66.36
12,5,28,1,1,-46.92
12,6,28,0,0,-65.32000000000001
12,7,28,1,1,-53.88
12,8,28,0,0,-44.44
12,9,28,0,0,-66.60000000000001
12,10,28,0,0,-43.32
12,11,28,1,1,-47.71999999999999
12,0,29,0,0,-47.08
12,1,29,0,0,-64.44
12,2,29,0,0,-64.6
12,3,29,0,0,-65.32000000000001
12,4,29,0,0,-66.12
12,5,29,0,0,-54.04
12,6,29,0,0,-66.12
12,7,29,1,1,-48.199999999999996
12,8,29,0,0,-45.88
12,9,29,0,0,-46.67999999999999
12,10,29,0,0,-50.68000000000001
12,11,29,1,1,-47.64
12,0,30,0,0,-64.12
12,1,30,0,0,-63.080000000000005
12,2,30,1,1,-51.56000000000001
12,3,30,0,0,-61.56
12,4,30,0,0,-64.12
12,5,30,0,0,-57.31999999999999
12,6,30,0,0,-46.28
12,7,30,0,0,-56.76000000000001
12,8,30,0,0,-54.120000000000005
12,9,30,0,0,-44.60000000000001
12,10,30,0,0,-62.76
12,11,30,0,0,-46.6
12,0,31,1,1,-47.4
12,1,31,0,0,-66.75999999999999
12,2,31,0,0,-51.32
12,3,31,0,0,-66.2
12,4,31,0,0,-66.60000000000001
12,5,31,1,1,-47.0
12,6,31,0,0,-46.44
12,7,31,0,0,-66.68
12,8,31,0,0,-46.67999999999999
12,9,31,1,1,-48.28000000000001
12,10,31,1,1,-48.120000000000005
12,11,31,1,1,-45.080000000000005
12,0,32,0,0,-63.620000000000005
12,1,32,0,0,-63.620000000000005
12,2,32,0,0,-49.18
12,3,32,0,0,-63.660000000000004
12,4,32,0,0,-63.620000000000005
12,5,32,0,0,-44.339999999999996
12,6,32,1,1,-48.180000000000014
12,7,32,0,0,-49.74
12,8,32,0,0,-63.540000000000006
12,9,32,0,0,-50.17999999999999
12,10,32,1,1,-46.02000000000001
12,11,32,1,1,-47.3
12,0,33,0,0,-65.32000000000001
12,1,33,0,0,-65.40000000000002
12,2,33,1,1,-49.4
12,3,33,0,0,-65.24
12,4,33,0,0,-65.72
12,5,33,0,0,-47.96
12,6,33,0,0,-64.91999999999999
12,7,33,0,0,-45.72
12,8,33,1,1,-49.08
12,9,33,1,1,-45.559999999999995
12,10,33,1,1,-49.319999999999986
12,11,33,0,0,-65.55999999999999
12,0,34,1,1,-49.18000000000001
12,1,34,0,0,-54.86000000000001
12,2,34,0,0,-47.22
12,3,34,0,0,-69.70000000000002
12,4,34,0,0,-69.82
12,5,34,0,0,-69.82
12,6,34,1,1,-48.78000000000001
12,7,34,0,0,-69.38
12,8,34,0,0,-69.82
12,9,34,0,0,-61.82
12,10,34,0,0,-49.739999999999995
12,11,34,0,0,-51.699999999999996
12,0,35,0,0,-50.160000000000004
12,1,35,0,0,-60.00000000000001
12,2,35,0,0,-46.32
12,3,35,0,0,-63.35999999999999
12,4,35,0,0,-58.00000000000001
12,5,35,1,1,-48.800000000000004
12,6,35,0,0,-52.4
12,7,35,0,0,-62.48000000000001
12,8,35,1,1,-48.24
12,9,35,0,0,-40.96000000000001
12,10,35,0,0,-62.80000000000001
12,11,35,1,1,-49.199999999999996
12,0,36,1,1,-49.24
12,1,36,0,0,-67.71999999999998
12,2,36,1,1,-47.00000000000001
12,3,36,0,0,-68.76
12,4,36,0,0,-69.8
12,5,36,0,0,-70.28
12,6,36,0,0,-46.040000000000006
12,7,36,1,1,-47.64000000000001
12,8,36,0,0,-45.400000000000006
12,9,36,0,0,-70.03999999999998
12,10,36,0,0,-65.8
12,11,36,0,0,-40.28
12,0,37,1,1,-50.34000000000001
12,1,37,0,0,-51.980000000000004
12,2,37,0,0,-65.53999999999999
12,3,37,0,0,-68.70000000000002
12,4,37,0,0,-68.70000000000002
12,5,37,0,0,-68.22000000000003
12,6,37,1,1,-49.81999999999999
12,7,37,1,1,-45.980000000000004
12,8,37,0,0,-64.10000000000001
12,9,37,0,0,-58.14
12,10,37,0,0,-49.42000000000001
12,11,37,0,0,-68.70000000000002
12,0,38,1,1,-49.459999999999994
12,1,38,0,0,-66.22000000000001
12,2,38,0,0,-62.18
12,3,38,0,0,-64.98
12,4,38,0,0,-67.17999999999999
12,5,38,1,1,-47.1
12,6,38,0,0,-62.02
12,7,38,0,0,-62.66000000000001
12,8,38,0,0,-65.26
12,9,38,0,0,-63.3
12,10,38,1,1,-48.86000000000001
12,11,38,0,0,-51.7
12,0,39,1,1,-51.82
12,1,39,0,0,-65.54
12,2,39,0,0,-66.26
12,3,39,0,0,-65.02000000000001
12,4,39,0,0,-65.62
12,5,39,0,0,-63.89999999999999
12,6,39,1,1,-46.86000000000001
12,7,39,0,0,-48.34
12,8,39,1,1,-52.46
12,9,39,1,1,-46.66000000000001
12,10,39,0,0,-66.26
12,11,39,0,0,-46.58
12,0,40,0,0,-67.26
12,1,40,0,0,-67.38
12,2,40,1,1,-47.94
12,3,40,0,0,-67.26
12,4,40,0,0,-67.38
12,5,40,0,0,-46.50000000000001
12,6,40,1,1,-45.46
12,7,40,0,0,-67.26
12,8,40,0,0,-46.17999999999999
12,9,40,0,0,-41.46
12,10,40,0,0,-50.580000000000005
12,11,40,0,0,-64.58000000000001
12,0,41,0,0,-60.000000000000014
12,1,41,0,0,-61.28000000000001
12,2,41,0,0,-46.24
12,3,41,0,0,-65.04
12,4,41,0,0,-61.6
12,5,41,1,1,-47.120000000000005
12,6,41,1,1,-53.440000000000005
12,7,41,0,0,-60.000000000000014
12,8,41,1,1,-51.68000000000001
12,9,41,0,0,-47.76
12,10,41,1,1,-49.04
12,11,41,0,0,-46.48
12,0,42,0,0,-63.91999999999999
12,1,42,0,0,-63.36
12,2,42,0,0,-46.24000000000001
12,3,42,0,0,-63.43999999999999
12,4,42,0,0,-63.92
12,5,42,0,0,-43.44
12,6,42,1,1,-50.32000000000001
12,7,42,1,1,-47.519999999999996
12,8,42,1,1,-49.279999999999994
12,9,42,1,1,-48.160000000000004
12,10,42,0,0,-62.480000000000004
12,11,42,0,0,-45.52
12,0,43,1,1,-47.98
12,1,43,0,0,-51.42000000000001
12,2,43,0,0,-63.82
12,3,43,0,0,-63.1
12,4,43,0,0,-63.099999999999994
12,5,43,1,1,-49.74000000000001
12,6,43,0,0,-42.98
12,7,43,0,0,-44.62
12,8,43,1,1,-50.49999999999999
12,9,43,0,0,-61.7
12,10,43,0,0,-44.38
12,11,43,0,0,-63.82
12,0,44,0,0,-68.37999999999998
12,1,44,0,0,-63.78000000000001
12,2,44,1,1,-51.81999999999999
12,3,44,0,0,-68.46000000000001
12,4,44,0,0,-68.42000000000002
12,5,44,1,1,-51.14
12,6,44,0,0,-55.419999999999995
12,7,44,0,0,-68.46000000000001
12,8,44,1,1,-50.74
12,9,44,0,0,-68.26
12,10,44,0,0,-45.06
12,11,44,1,1,-48.14
12,0,45,0,0,-48.31999999999999
12,1,45,0,0,-67.52000000000001
12,2,45,0,0,-53.6
12,3,45,0,0,-67.52000000000001
12,4,45,0,0,-67.2
12,5,45,1,1,-52.720000000000006
12,6,45,0,0,-63.43999999999999
12,7,45,1,1,-47.6
12,8,45,1,1,-50.31999999999999
12,9,45,0,0,-43.99999999999999
12,10,45,1,1,-48.56
12,11,45,0,0,-52.800000000000004
12,0,46,1,1,-50.06
12,1,46,0,0,-53.78
12,2,46,0,0,-55.33999999999999
12,3,46,0,0,-65.05999999999999
12,4,46,0,0,-65.06
12,5,46,1,1,-50.5
12,6,46,1,1,-56.5
12,7,46,0,0,-65.18
12,8,46,0,0,-51.5
12,9,46,0,0,-51.18
12,10,46,0,0,-49.099999999999994
12,11,46,0,0,-46.54
12,0,47,0,0,-63.60000000000001
12,1,47,0,0,-45.11999999999999
12,2,47,0,0,-45.52
12,3,47,0,0,-62.879999999999995
12,4,47,0,0,-61.839999999999996
12,5,47,0,0,-51.440000000000005
12,6,47,0,0,-50.96
12,7,47,1,1,-50.24000000000001
12,8,47,1,1,-49.519999999999996
12,9,47,1,1,-49.36000000000001
12,10,47,1,1,-48.48
12,11,47,0,0,-50.879999999999995
12,0,48,0,0,-69.5
12,1,48,0,0,-69.5
12,2,48,1,1,-50.099999999999994
12,3,48,0,0,-69.5
12,4,48,0,0,-69.5
12,5,48,0,0,-69.5
12,6,48,0,0,-50.660000000000004
12,7,48,0,0,-54.18
12,8,48,0,0,-49.7
12,9,48,0,0,-69.5
12,10,48,0,0,-68.50000000000001
12,11,48,0,0,-47.66000000000001
12,0,49,1,1,-48.760000000000005
12,1,49,0,0,-65.47999999999999
12,2,49,1,1,-47.72
12,3,49,0,0,-63.400000000000006
12,4,49,0,0,-67.55999999999999
12,5,49,1,1,-45.96000000000001
12,6,49,0,0,-59.24
12,7,49,1,1,-49.08
12,8,49,0,0,-59.72
12,9,49,0,0,-49.8
12,10,49,0,0,-49.16
12,11,49,0,0,-64.68
14,0,0,0,0,-48.68
14,1,0,0,0,-66.96000000000001
14,2,0,1,1,-50.839999999999996
14,3,0,0,0,-66.96000000000001
14,4,0,0,0,-67.32000000000001
14,5,0,0,0,-50.480000000000004
14,6,0,0,0,-42.72000000000001
14,7,0,1,1,-46.720000000000006
14,8,0,1,1,-49.4
14,9,0,0,0,-54.32
14,10,0,1,1,-45.0
14,11,0,0,0,-64.96
14,12,0,0,0,-47.56
14,13,0,0,0,-58.68
14,0,1,0,0,-67.62
14,1,1,0,0,-64.02000000000001
14,2,1,0,0,-50.58
14,3,1,0,0,-67.62
14,4,1,0,0,-67.62
14,5,1,0,0,-52.260000000000005
14,6,1,0,0,-46.58000000000001
14,7,1,0,0,-64.58
14,8,1,0,0,-66.10000000000001
14,9,1,0,0,-66.17999999999999
14,10,1,1,1,-48.66
14,11,1,1,1,-46.1
14,12,1,1,1,-47.14000000000001
14,13,1,0,0,-64.10000000000001
14,0,2,1,1,-47.02000000000001
14,1,2,0,0,-60.940000000000005
14,2,2,1,1,-48.300000000000004
14,3,2,0,0,-63.17999999999999
14,4,2,0,0,-62.540000000000006
14,5,2,0,0,-54.86
14,6,2,0,0,-53.25999999999999
14,7,2,0,0,-61.74
14,8,2,1,1,-46.94
14,9,2,0,0,-61.98
14,10,2,0,0,-50.699999999999996
14,11,2,0,0,-62.940000000000005
14,12,2,0,0,-47.58
14,13,2,0,0,-49.18000000000001
14,0,3,0,0,-54.52000000000001
14,1,3,0,0,-53.040000000000006
14,2,3,0,0,-56.760000000000005
14,3,3,0,0,-65.75999999999999
14,4,3,0,0,-66.56000000000002
14,5,3,1,1,-47.800000000000004
14,6,3,0,0,-57.76000000000001
14,7,3,0,0,-53.48
14,8,3,0,0,-54.92
14,9,3,0,0,-63.959999999999994
14,10,3,0,0,-66.56000000000002
14,11,3,0,0,-53.64000000000001
14,12,3,0,0,-57.04
14,13,3,0,0,-41.28
14,0,4,0,0,-68.52000000000001
14,1,4,0,0,-70.0
14,2,4,1,1,-54.879999999999995
14,3,4,0,0,-70.0
14,4,4,0,0,-70.0
14,5,4,0,0,-70.0
14,6,4,1,1,-49.88
14,7,4,1,1,-44.16
14,8,4,0,0,-67.88
14,9,4,0,0,-48.24
14,10,4,0,0,-70.0
14,11,4,1,1,-47.24
14,12,4,1,1,-50.440000000000005
14,13,4,0,0,-70.0
14,0,5,0,0,-75.04
14,1,5,0,0,-76.2
14,2,5,0,0,-75.32000000000001
14,3,5,0,0,-76.2
14,4,5,0,0,-76.2
14,5,5,0,0,-76.2
14,6,5,0,0,-75.04
14,7,5,0,0,-76.2
14,8,5,0,0,-75.71999999999998
14,9,5,0,0,-75.16
14,10,5,1,1,-49.160000000000004
14,11,5,0,0,-75.71999999999998
14,12,5,0,0,-76.2
14,13,5,0,0,-76.2
14,0,6,0,0,-61.46
14,1,6,0,0,-57.540000000000006
14,2,6,0,0,-49.46
14,3,6,0,0,-60.18
14,4,6,0,0,-61.14
14,5,6,0,0,-50.18000000000001
14,6,6,0,0,-56.34
14,7,6,1,1,-49.14
14,8,6,0,0,-60.58
14,9,6,0,0,-44.34000000000001
14,10,6,0,0,-49.06000000000001
14,11,6,0,0,-49.86000000000001
14,12,6,0,0,-61.46
14,13,6,0,0,-51.779999999999994
14,0,7,0,0,-49.300000000000004
14,1,7,0,0,-61.38
14,2,7,1,1,-49.379999999999995
14,3,7,0,0,-66.25999999999999
14,4,7,0,0,-65.62
14,5,7,0,0,-64.82
14,6,7,0,0,-61.46
14,7,7,1,1,-46.900000000000006
14,8,7,0,0,-50.900000000000006
14,9,7,0,0,-61.29999999999999
14,10,7,0,0,-66.25999999999999
14,11,7,0,0,-66.25999999999999
14,12,7,0,0,-44.099999999999994
14,13,7,0,0,-50.42
14,0,8,0,0,-64.66000000000001
14,1,8,0,0,-54.66
14,2,8,0,0,-55.94
14,3,8,0,0,-56.34
14,4,8,0,0,-56.57999999999999
14,5,8,1,1,-47.300000000000004
14,6,8,0,0,-54.660000000000004
14,7,8,1,1,-47.940000000000005
14,8,8,1,1,-56.42
14,9,8,0,0,-55.06
14,10,8,0,0,-53.78000000000001
14,11,8,0,0,-49.3
14,12,8,0,0,-62.1
14,13,8,0,0,-55.14
14,0,9,0,0,-65.39999999999999
14,1,9,0,0,-64.88000000000001
14,2,9,0,0,-49.239999999999995
14,3,9,0,0,-65.16000000000001
14,4,9,0,0,-65.44
14,5,9,0,0,-48.16
14,6,9,1,1,-50.00000000000001
14,7,9,0,0,-62.76
14,8,9,0,0,-48.400000000000006
14,9,9,1,1,-50.96
14,10,9,1,1,-47.84
14,11,9,1,1,-47.32
14,12,9,0,0,-65.44
14,13,9,1,1,-47.72
14,0,10,0,0,-43.220000000000006
14,1,10,0,0,-58.58
14,2,10,0,0,-65.14
14,3,10,0,0,-65.06
14,4,10,0,0,-65.14
14,5,10,1,1,-49.059999999999995
14,6,10,0,0,-56.34
14,7,10,0,0,-44.66000000000001
14,8,10,0,0,-64.5
14,9,10,0,0,-64.5
14,10,10,0,0,-63.06
14,11,10,0,0,-64.5
14,12,10,0,0,-48.01999999999999
14,13,10,1,1,-51.14
14,0,11,0,0,-63.83999999999999
14,1,11,0,0,-54.52
14,2,11,1,1,-48.599999999999994
14,3,11,0,0,-64.67999999999999
14,4,11,0,0,-65.2
14,5,11,1,1,-50.559999999999995
14,6,11,0,0,-58.96000000000001
14,7,11,0,0,-58.52
14,8,11,0,0,-58.63999999999999
14,9,11,1,1,-52.84
14,10,11,1,1,-48.559999999999995
14,11,11,0,0,-59.0
14,12,11,0,0,-58.839999999999996
14,13,11,1,1,-49.239999999999995
14,0,12,0,0,-63.06
14,1,12,0,0,-57.93999999999999
14,2,12,0,0,-51.22
14,3,12,0,0,-63.220000000000006
14,4,12,0,0,-62.74
14,5,12,0,0,-50.50000000000001
14,6,12,1,1,-51.86
14,7,12,0,0,-64.17999999999999
14,8,12,0,0,-53.78
14,9,12,0,0,-64.42
14,10,12,1,1,-50.58
14,11,12,1,1,-50.58
14,12,12,1,1,-50.82000000000001
14,13,12,0,0,-49.86
14,0,13,0,0,-64.22
14,1,13,0,0,-59.18000000000001
14,2,13,0,0,-54.220000000000006
14,3,13,0,0,-64.30000000000001
14,4,13,0,0,-61.10000000000001
14,5,13,1,1,-45.98
14,6,13,0,0,-55.18
14,7,13,0,0,-48.54
14,8,13,0,0,-64.30000000000001
14,9,13,0,0,-48.14000000000001
14,10,13,0,0,-52.85999999999999
14,11,13,0,0,-57.660000000000004
14,12,13,0,0,-46.7
14,13,13,0,0,-63.81999999999999
14,0,14,0,0,-67.91999999999999
14,1,14,0,0,-68.04
14,2,14,0,0,-44.160000000000004
14,3,14,0,0,-68.04
14,4,14,0,0,-68.00000000000001
14,5,14,0,0,-50.68000000000001
14,6,14,0,0,-46.64
14,7,14,0,0,-60.52000000000001
14,8,14,0,0,-50.24000000000001
14,9,14,0,0,-68.04
14,10,14,0,0,-47.080000000000005
14,11,14,0,0,-68.04
14,12,14,0,0,-49.28
14,13,14,0,0,-68.04
14,0,15,0,0,-52.56
14,1,15,0,0,-50.31999999999999
14,2,15,1,1,-48.20000000000001
14,3,15,0,0,-62.879999999999995
14,4,15,0,0,-64.0
14,5,15,0,0,-50.0
14,6,15,0,0,-54.519999999999996
14,7,15,0,0,-62.71999999999999
14,8,15,0,0,-50.31999999999999
14,9,15,0,0,-46.36
14,10,15,1,1,-47.199999999999996
14,11,15,0,0,-49.559999999999995
14,12,15,1,1,-49.720000000000006
14,13,15,1,1,-46.440000000000005
14,0,16,0,0,-67.89999999999999
14,1,16,0,0,-67.89999999999999
14,2,16,0,0,-54.30000000000001
14,3,16,0,0,-67.89999999999999
14,4,16,0,0,-67.89999999999999
14,5,16,1,1,-50.21999999999999
14,6,16,0,0,-50.14
14,7,16,0,0,-51.82000000000001
14,8,16,0,0,-43.82000000000001
14,9,16,0,0,-67.89999999999999
14,10,16,0,0,-67.89999999999999
14,11,16,0,0,-67.33999999999999
14,12,16,0,0,-50.3
14,13,16,0,0,-67.25999999999998
14,0,17,0,0,-50.06
14,1,17,0,0,-57.739999999999995
14,2,17,0,0,-53.82000000000001
14,3,17,0,0,-65.82
14,4,17,0,0,-65.34
14,5,17,0,0,-45.49999999999999
14,6,17,0,0,-46.38000000000001
14,7,17,0,0,-65.82
14,8,17,0,0,-48.22
14,9,17,0,0,-65.34
14,10,17,0,0,-52.379999999999995
14,11,17,0,0,-44.539999999999985
14,12,17,0,0,-56.220000000000006
14,13,17,0,0,-65.82
14,0,18,0,0,-68.48
14,1,18,0,0,-66.04
14,2,18,0,0,-68.48
14,3,18,0,0,-68.48
14,4,18,0,0,-68.48
14,5,18,0,0,-67.36
14,6,18,0,0,-41.800000000000004
14,7,18,1,1,-46.03999999999999
14,8,18,0,0,-67.95999999999998
14,9,18,0,0,-66.83999999999999
14,10,18,1,1,-45.0
14,11,18,0,0,-57.56000000000001
14,12,18,0,0,-49.72
14,13,18,1,1,-48.36
14,0,19,0,0,-71.14
14,1,19,0,0,-71.78
14,2,19,0,0,-71.86
14,3,19,0,0,-71.86
14,4,19,0,0,-71.14000000000001
14,5,19,1,1,-47.30000000000001
14,6,19,0,0,-71.14
14,7,19,0,0,-71.77999999999999
14,8,19,0,0,-51.3
14,9,19,0,0,-66.98
14,10,19,0,0,-71.14
14,11,19,0,0,-70.74000000000001
14,12,19,0,0,-71.86
14,13,19,0,0,-68.89999999999999
14,0,20,0,0,-63.400000000000006
14,1,20,0,0,-51.64000000000001
14,2,20,0,0,-49.60000000000001
14,3,20,1,1,-59.00000000000001
14,4,20,0,0,-63.28
14,5,20,0,0,-50.279999999999994
14,6,20,0,0,-59.32
14,7,20,1,1,-47.92
14,8,20,0,0,-46.76
14,9,20,0,0,-43.6
14,10,20,0,0,-58.07999999999999
14,11,20,1,1,-47.4
14,12,20,0,0,-50.56
14,13,20,0,0,-47.800000000000004
14,0,21,0,0,-53.94
14,1,21,0,0,-59.78
14,2,21,1,1,-47.46
14,3,21,0,0,-58.01999999999999
14,4,21,0,0,-64.25999999999999
14,5,21,1,1,-49.379999999999995
14,6,21,0,0,-53.62
14,7,21,0,0,-52.660000000000004
14,8,21,0,0,-48.17999999999999
14,9,21,0,0,-43.06
14,10,21,1,1,-47.86
14,11,21,0,0,-57.70000000000001
14,12,21,0,0,-64.25999999999999
14,13,21,0,0,-47.69999999999999
14,0,22,0,0,-64.67999999999999
14,1,22,0,0,-56.24000000000001
14,2,22,1,1,-48.31999999999999
14,3,22,0,0,-67.68
14,4,22,0,0,-67.72000000000001
14,5,22,1,1,-46.44
14,6,22,1,1,-50.440000000000005
14,7,22,0,0,-50.36000000000001
14,8,22,0,0,-65.72
14,9,22,0,0,-65.2
14,10,22,0,0,-49.2
14,11,22,0,0,-67.56
14,12,22,0,0,-58.239999999999995
14,13,22,0,0,-50.04
14,0,23,1,1,-50.72
14,1,23,0,0,-51.959999999999994
14,2,23,1,1,-47.84
14,3,23,0,0,-66.36
14,4,23,0,0,-66.99999999999999
14,5,23,1,1,-51.24
14,6,23,0,0,-66.32000000000001
14,7,23,0,0,-47.160000000000004
14,8,23,0,0,-51.279999999999994
14,9,23,0,0,-48.24
14,10,23,0,0,-66.99999999999999
14,11,23,0,0,-66.99999999999999
14,12,23,1,1,-49.68
14,13,23,1,1,-46.760000000000005
14,0,24,0,0,-63.72
14,1,24,0,0,-64.96000000000001
14,2,24,0,0,-56.480000000000004
14,3,24,0,0,-67.8
14,4,24,0,0,-63.12000000000002
14,5,24,0,0,-64.48
14,6,24,1,1,-50.00000000000001
14,7,24,0,0,-65.03999999999999
14,8,24,0,0,-63.00000000000001
14,9,24,0,0,-63.96
14,10,24,0,0,-63.96
14,11,24,0,0,-65.04
14,12,24,0,0,-61.56000000000001
14,13,24,1,1,-49.160000000000004
14,0,25,0,0,-47.1
14,1,25,0,0,-54.22000000000001
14,2,25,0,0,-46.94
14,3,25,0,0,-62.7
14,4,25,0,0,-64.94
14,5,25,1,1,-46.53999999999999
14,6,25,0,0,-64.70000000000002
14,7,25,0,0,-64.54
14,8,25,0,0,-44.540000000000006
14,9,25,1,1,-51.01999999999999
14,10,25,1,1,-47.66
14,11,25,0,0,-65.25999999999999
14,12,25,0,0,-43.49999999999999
14,13,25,0,0,-54.46000000000001
14,0,26,0,0,-48.120000000000005
14,1,26,0,0,-49.24
14,2,26,0,0,-44.00000000000001
14,3,26,0,0,-66.68
14,4,26,0,0,-66.92000000000002
14,5,26,0,0,-66.96
14,6,26,0,0,-41.72
14,7,26,0,0,-66.48
14,8,26,0,0,-53.56
14,9,26,1,1,-47.92
14,10,26,0,0,-52.040000000000006
14,11,26,1,1,-50.480000000000004
14,12,26,0,0,-66.48
14,13,26,0,0,-50.2
14,0,27,0,0,-67.36000000000001
14,1,27,0,0,-69.28000000000002
14,2,27,0,0,-68.99999999999999
14,3,27,0,0,-69.55999999999999
14,4,27,0,0,-67.60000000000001
14,5,27,0,0,-69.6
14,6,27,0,0,-69.28000000000002
14,7,27,0,0,-67.24
14,8,27,1,1,-48.64
14,9,27,1,1,-46.440000000000005
14,10,27,1,1,-46.800000000000004
14,11,27,1,1,-45.72
14,12,27,0,0,-46.16000000000001
14,13,27,1,1,-46.28000000000001
14,0,28,0,0,-61.78
14,1,28,0,0,-51.540000000000006
14,2,28,1,1,-47.06
14,3,28,0,0,-61.38
14,4,28,0,0,-62.82
14,5,28,1,1,-46.980000000000004
14,6,28,0,0,-55.46
14,7,28,0,0,-62.82
14,8,28,0,0,-48.260000000000005
14,9,28,0,0,-61.85999999999999
14,10,28,0,0,-43.940000000000005
14,11,28,0,0,-61.85999999999999
14,12,28,0,0,-62.82
14,13,28,1,1,-46.099999999999994
14,0,29,0,0,-43.38
14,1,29,0,0,-64.42000000000002
14,2,29,0,0,-53.78
14,3,29,0,0,-66.10000000000001
14,4,29,0,0,-66.10000000000001
14,5,29,0,0,-44.66
14,6,29,0,0,-63.46
14,7,29,0,0,-60.74
14,8,29,0,0,-65.94000000000003
14,9,29,0,0,-64.74
14,10,29,0,0,-64.74
14,11,29,0,0,-51.220000000000006
14,12,29,0,0,-66.10000000000001
14,13,29,0,0,-64.74
14,0,30,1,1,-48.260000000000005
14,1,30,0,0,-52.899999999999984
14,2,30,0,0,-49.7
14,3,30,0,0,-61.3
14,4,30,0,0,-66.17999999999999
14,5,30,0,0,-44.74
14,6,30,0,0,-53.779999999999994
14,7,30,0,0,-51.22
14,8,30,0,0,-52.5
14,9,30,0,0,-51.06
14,10,30,0,0,-55.38000000000001
14,11,30,0,0,-53.46
14,12,30,0,0,-53.13999999999999
14,13,30,0,0,-61.14000000000001
14,0,31,1,1,-53.68000000000001
14,1,31,0,0,-61.28000000000001
14,2,31,0,0,-53.48
14,3,31,0,0,-63.96
14,4,31,0,0,-62.4
14,5,31,1,1,-45.47999999999999
14,6,31,1,1,-48.92
14,7,31,0,0,-61.2
14,8,31,0,0,-51.44
14,9,31,1,1,-49.199999999999996
14,10,31,0,0,-53.0
14,11,31,0,0,-47.36000000000001
14,12,31,0,0,-51.160000000000004
14,13,31,0,0,-54.2
14,0,32,0,0,-65.32
14,1,32,0,0,-67.56000000000002
14,2,32,0,0,-61.519999999999996
14,3,32,0,0,-67.60000000000002
14,4,32,0,0,-66.48
14,5,32,0,0,-66.24
14,6,32,1,1,-50.879999999999995
14,7,32,1,1,-49.91999999999999
14,8,32,0,0,-51.279999999999994
14,9,32,0,0,-64.84
14,10,32,0,0,-66.68
14,11,32,0,0,-66.48
14,12,32,0,0,-66.68
14,13,32,0,0,-66.56000000000002
14,0,33,0,0,-57.5
14,1,33,0,0,-63.5
14,2,33,0,0,-53.17999999999999
14,3,33,0,0,-63.580000000000005
14,4,33,0,0,-65.66
14,5,33,1,1,-47.5
14,6,33,0,0,-46.300000000000004
14,7,33,1,1,-48.379999999999995
14,8,33,1,1,-46.62
14,9,33,0,0,-56.53999999999999
14,10,33,0,0,-57.660000000000004
14,11,33,0,0,-52.70000000000001
14,12,33,0,0,-54.379999999999995
14,13,33,1,1,-50.94
14,0,34,0,0,-61.4
14,1,34,0,0,-61.00000000000001
14,2,34,0,0,-62.52
14,3,34,0,0,-66.52000000000001
14,4,34,0,0,-65.4
14,5,34,1,1,-49.6
14,6,34,0,0,-61.88000000000001
14,7,34,0,0,-58.879999999999995
14,8,34,0,0,-62.20000000000001
14,9,34,0,0,-45.199999999999996
14,10,34,0,0,-62.959999999999994
14,11,34,0,0,-50.71999999999999
14,12,34,0,0,-62.56
14,13,34,0,0,-53.4
14,0,35,0,0,-55.64
14,1,35,0,0,-47.60000000000001
14,2,35,0,0,-43.92
14,3,35,0,0,-67.8
14,4,35,0,0,-67.88000000000001
14,5,35,0,0,-46.959999999999994
14,6,35,1,1,-49.48
14,7,35,0,0,-55.32000000000001
14,8,35,0,0,-50.400000000000006
14,9,35,1,1,-46.24
14,10,35,0,0,-67.88000000000001
14,11,35,1,1,-46.11999999999999
14,12,35,0,0,-55.64
14,13,35,1,1,-52.839999999999996
14,0,36,0,0,-61.0
14,1,36,0,0,-62.08
14,2,36,0,0,-59.959999999999994
14,3,36,0,0,-63.04
14,4,36,0,0,-59.64
14,5,36,1,1,-50.28000000000001
14,6,36,0,0,-46.00000000000001
14,7,36,0,0,-46.440000000000005
14,8,36,0,0,-63.04
14,9,36,1,1,-48.519999999999996
14,10,36,0,0,-49.71999999999999
14,11,36,0,0,-49.839999999999996
14,12,36,0,0,-50.56
14,13,36,0,0,-54.760000000000005
14,0,37,1,1,-51.2
14,1,37,0,0,-68.36000000000001
14,2,37,0,0,-49.879999999999995
14,3,37,0,0,-67.36
14,4,37,0,0,-67.48000000000002
14,5,37,0,0,-68.36000000000001
14,6,37,0,0,-48.64
14,7,37,0,0,-68.36000000000001
14,8,37,1,1,-46.12
14,9,37,1,1,-50.63999999999999
14,10,37,0,0,-68.03999999999999
14,11,37,0,0,-41.640000000000015
14,12,37,0,0,-45.39999999999999
14,13,37,1,1,-49.72
14,0,38,0,0,-51.14
14,1,38,0,0,-70.1
14,2,38,0,0,-70.18000000000002
14,3,38,0,0,-69.38
14,4,38,0,0,-70.26000000000002
14,5,38,0,0,-70.26000000000002
14,6,38,0,0,-70.26000000000002
14,7,38,1,1,-50.18
14,8,38,1,1,-48.980000000000004
14,9,38,0,0,-70.1
14,10,38,0,0,-67.86
14,11,38,1,1,-48.02
14,12,38,0,0,-70.26000000000002
14,13,38,0,0,-70.26000000000002
14,0,39,0,0,-66.18
14,1,39,0,0,-55.94
14,2,39,0,0,-53.22
14,3,39,0,0,-66.18
14,4,39,0,0,-62.17999999999999
14,5,39,0,0,-52.660000000000004
14,6,39,0,0,-53.46000000000001
14,7,39,0,0,-49.779999999999994
14,8,39,0,0,-61.540000000000006
14,9,39,0,0,-49.86
14,10,39,0,0,-50.34
14,11,39,0,0,-58.82
14,12,39,0,0,-46.34
14,13,39,1,1,-48.18000000000001
14,0,40,0,0,-63.64000000000001
14,1,40,0,0,-61.160000000000004
14,2,40,0,0,-54.24000000000001
14,3,40,0,0,-65.04
14,4,40,0,0,-65.04
14,5,40,0,0,-61.12
14,6,40,0,0,-65.04
14,7,40,0,0,-44.67999999999999
14,8,40,0,0,-56.599999999999994
14,9,40,0,0,-54.0
14,10,40,1,1,-49.72
14,11,40,0,0,-65.04
14,12,40,1,1,-51.919999999999995
14,13,40,0,0,-57.16
14,0,41,1,1,-49.57999999999999
14,1,41,0,0,-54.61999999999999
14,2,41,0,0,-46.540000000000006
14,3,41,0,0,-63.82
14,4,41,0,0,-65.74000000000001
14,5,41,0,0,-45.66000000000001
14,6,41,1,1,-46.059999999999995
14,7,41,0,0,-54.46
14,8,41,0,0,-65.5
14,9,41,1,1,-47.419999999999995
14,10,41,0,0,-49.58
14,11,41,0,0,-47.82
14,12,41,0,0,-56.86
14,13,41,0,0,-49.82
14,0,42,0,0,-73.53999999999999
14,1,42,0,0,-74.33999999999999
14,2,42,0,0,-74.33999999999999
14,3,42,0,0,-74.33999999999999
14,4,42,0,0,-73.14000000000001
14,5,42,0,0,-52.980000000000004
14,6,42,0,0,-55.85999999999999
14,7,42,0,0,-74.33999999999999
14,8,42,0,0,-74.49999999999999
14,9,42,0,0,-74.33999999999999
14,10,42,0,0,-74.49999999999999
14,11,42,0,0,-52.260000000000005
14,12,42,1,1,-47.94
14,13,42,0,0,-74.58000000000001
14,0,43,0,0,-63.959999999999994
14,1,43,0,0,-51.68
14,2,43,1,1,-47.800000000000004
14,3,43,0,0,-64.56
14,4,43,0,0,-64.64000000000001
14,5,43,0,0,-64.64000000000001
14,6,43,0,0,-51.040000000000006
14,7,43,0,0,-50.68
14,8,43,0,0,-45.44
14,9,43,0,0,-55.56
14,10,43,1,1,-44.48
14,11,43,0,0,-43.32
14,12,43,0,0,-54.72
14,13,43,0,0,-64.6
14,0,44,0,0,-64.26
14,1,44,0,0,-64.02
14,2,44,1,1,-48.1
14,3,44,0,0,-62.419999999999995
14,4,44,0,0,-63.780000000000015
14,5,44,1,1,-46.81999999999999
14,6,44,1,1,-47.38
14,7,44,0,0,-57.7
14,8,44,1,1,-48.339999999999996
14,9,44,0,0,-60.419999999999995
14,10,44,0,0,-57.38
14,11,44,0,0,-46.42
14,12,44,0,0,-64.02
14,13,44,0,0,-54.34
14,0,45,0,0,-64.76
14,1,45,0,0,-55.0
14,2,45,0,0,-49.64
14,3,45,0,0,-68.67999999999999
14,4,45,0,0,-68.67999999999999
14,5,45,0,0,-57.919999999999995
14,6,45,0,0,-51.760000000000005
14,7,45,0,0,-50.68000000000001
14,8,45,0,0,-65.16000000000001
14,9,45,0,0,-58.96
14,10,45,0,0,-68.67999999999999
14,11,45,1,1,-48.080000000000005
14,12,45,0,0,-57.36
14,13,45,1,1,-47.400000000000006
14,0,46,0,0,-60.900000000000006
14,1,46,0,0,-64.50000000000001
14,2,46,0,0,-50.18
14,3,46,0,0,-67.62000000000002
14,4,46,0,0,-68.66000000000001
14,5,46,0,0,-55.779999999999994
14,6,46,1,1,-50.900000000000006
14,7,46,0,0,-49.46
14,8,46,1,1,-48.5
14,9,46,0,0,-44.900000000000006
14,10,46,0,0,-59.62000000000001
14,11,46,0,0,-65.7
14,12,46,0,0,-68.66000000000001
14,13,46,0,0,-47.540000000000006
14,0,47,0,0,-63.96
14,1,47,0,0,-64.4
14,2,47,1,1,-47.64
14,3,47,0,0,-63.8
14,4,47,0,0,-65.00000000000001
14,5,47,0,0,-64.76
14,6,47,1,1,-49.68000000000001
14,7,47,0,0,-46.720000000000006
14,8,47,0,0,-63.8
14,9,47,0,0,-64.76
14,10,47,0,0,-59.68000000000001
14,11,47,1,1,-48.480000000000004
14,12,47,0,0,-57.2
14,13,47,0,0,-65.0
14,0,48,0,0,-65.46000000000001
14,1,48,0,0,-66.1
14,2,48,0,0,-57.300000000000004
14,3,48,0,0,-64.98
14,4,48,0,0,-66.34
14,5,48,0,0,-66.1
14,6,48,0,0,-65.94
14,7,48,0,0,-57.86000000000001
14,8,48,0,0,-42.739999999999995
14,9,48,0,0,-65.30000000000001
14,10,48,1,1,-54.419999999999995
14,11,48,0,0,-55.300000000000004
14,12,48,0,0,-61.78000000000001
14,13,48,0,0,-57.300000000000004
14,0,49,0,0,-62.519999999999996
14,1,49,0,0,-62.60000000000001
14,2,49,0,0,-50.96000000000001
14,3,49,0,0,-53.84
14,4,49,0,0,-63.24
14,5,49,0,0,-55.28
14,6,49,0,0,-61.080000000000005
14,7,49,0,0,-57.24
14,8,49,0,0,-62.64
14,9,49,1,1,-51.44
14,10,49,0,0,-51.040000000000006
14,11,49,0,0,-54.080000000000005
14,12,49,1,1,-53.319999999999986
14,13,49,0,0,-60.99999999999999
