corruption_level,trial,strict_success,inversion_tolerant_success,steps_to_converge,initial_energy,final_energy
0.1,0,0,0,4,-31.500000000000004,-47.52000000000001
0.1,1,1,1,4,-31.500000000000004,-49.5
0.1,2,1,1,4,-31.500000000000007,-49.5
0.1,3,1,1,4,-31.500000000000004,-49.5
0.1,4,1,1,3,-31.500000000000004,-49.5
0.1,5,0,0,2,-31.500000000000004,-43.680000000000014
0.1,6,1,1,4,-31.500000000000007,-49.5
0.1,7,1,1,3,-31.499999999999996,-49.5
0.1,8,1,1,4,-31.500000000000004,-49.5
0.1,9,0,0,3,-31.500000000000007,-45.58000000000001
0.1,10,0,0,3,-31.5,-47.52000000000001
0.1,11,1,1,4,-31.500000000000004,-49.5
0.1,12,1,1,4,-31.500000000000004,-49.5
0.1,13,0,0,4,-31.500000000000004,-47.52000000000001
0.1,14,1,1,4,-31.5,-49.5
0.1,15,1,1,3,-31.500000000000007,-49.5
0.1,16,1,1,5,-31.500000000000007,-49.5
0.1,17,1,1,4,-31.500000000000004,-49.5
0.1,18,1,1,4,-31.500000000000007,-49.5
0.1,19,1,1,4,-31.500000000000007,-49.5
0.1,20,1,1,3,-31.500000000000004,-49.5
0.1,21,0,0,2,-31.5,-45.58000000000001
0.1,22,1,1,4,-31.500000000000004,-49.5
0.1,23,1,1,3,-31.500000000000004,-49.5
0.1,24,0,0,4,-31.500000000000007,-47.52000000000001
0.1,25,0,0,3,-31.500000000000004,-47.52000000000001
0.1,26,1,1,4,-31.5,-49.5
0.1,27,1,1,2,-31.500000000000007,-49.5
0.1,28,1,1,5,-31.500000000000004,-49.5
0.1,29,1,1,3,-31.500000000000004,-49.5
0.1,30,1,1,4,-31.500000000000004,-49.5
0.1,31,1,1,3,-31.500000000000004,-49.5
0.1,32,1,1,5,-31.500000000000004,-49.5
0.1,33,0,0,4,-31.5,-47.52000000000001
0.1,34,0,0,3,-31.500000000000004,-47.52000000000001
0.1,35,1,1,4,-31.5,-49.5
0.1,36,1,1,4,-31.500000000000007,-49.5
0.1,37,1,1,4,-31.500000000000007,-49.5
0.1,38,1,1,3,-31.500000000000007,-49.5
0.1,39,1,1,4,-31.500000000000007,-49.5
0.1,40,1,1,4,-31.5,-49.5
0.1,41,1,1,4,-31.500000000000004,-49.5
0.1,42,0,0,3,-31.500000000000007,-47.52000000000001
0.1,43,1,1,3,-31.500000000000007,-49.5
0.1,44,1,1,5,-31.500000000000004,-49.5
0.1,45,0,0,3,-31.500000000000007,-47.52000000000001
0.1,46,1,1,4,-31.500000000000004,-49.5
0.1,47,1,1,4,-31.500000000000007,-49.5
0.1,48,0,0,3,-31.500000000000004,-45.58000000000001
0.1,49,1,1,5,-31.5,-49.5
0.25,0,0,0,4,-11.999999999999996,-47.52000000000001
0.25,1,0,0,4,-11.999999999999993,-47.52000000000001
0.25,2,1,1,5,-11.999999999999993,-49.5
0.25,3,1,1,4,-11.999999999999996,-49.5
0.25,4,1,1,4,-11.999999999999996,-49.5
0.25,5,1,1,5,-12.0,-49.5
0.25,6,0,0,5,-11.999999999999998,-47.52000000000001
0.25,7,1,1,5,-11.999999999999996,-49.5
0.25,8,0,0,3,-11.999999999999995,-47.52000000000001
0.25,9,0,0,4,-11.999999999999996,-47.52000000000001
0.25,10,1,1,6,-11.999999999999996,-49.5
0.25,11,1,1,4,-12.0,-49.5
0.25,12,1,1,4,-11.999999999999996,-49.5
0.25,13,1,1,6,-12.0,-49.5
0.25,14,1,1,5,-11.999999999999996,-49.5
0.25,15,1,1,4,-11.999999999999996,-49.5
0.25,16,1,1,5,-11.999999999999998,-49.5
0.25,17,0,0,4,-11.999999999999996,-47.52000000000001
0.25,18,1,1,4,-11.999999999999996,-49.5
0.25,19,1,1,4,-11.999999999999996,-49.5
0.25,20,0,0,3,-11.999999999999996,-45.58000000000001
0.25,21,0,0,4,-11.999999999999998,-45.58000000000001
0.25,22,1,1,5,-11.999999999999996,-49.5
0.25,23,1,1,5,-11.999999999999996,-49.5
0.25,24,1,1,4,-11.999999999999996,-49.5
0.25,25,0,0,4,-11.999999999999998,-47.52000000000001
0.25,26,1,1,5,-11.999999999999996,-49.5
0.25,27,1,1,6,-11.999999999999996,-49.5
0.25,28,0,0,4,-11.999999999999996,-47.52000000000001
0.25,29,0,0,6,-12.0,-47.52000000000001
0.25,30,0,0,3,-11.999999999999996,-47.52000000000001
0.25,31,1,1,4,-11.999999999999993,-49.5
0.25,32,1,1,4,-11.999999999999996,-49.5
0.25,33,1,1,4,-11.999999999999993,-49.5
0.25,34,1,1,3,-12.0,-49.5
0.25,35,1,1,5,-11.999999999999996,-49.5
0.25,36,1,1,3,-11.999999999999996,-49.5
0.25,37,0,0,6,-11.999999999999998,-47.52000000000001
0.25,38,1,1,5,-11.999999999999996,-49.5
0.25,39,0,0,4,-11.999999999999993,-47.52000000000001
0.25,40,1,1,4,-11.999999999999995,-49.5
0.25,41,1,1,4,-11.999999999999996,-49.5
0.25,42,1,1,5,-11.999999999999996,-49.5
0.25,43,1,1,4,-12.0,-49.5
0.25,44,1,1,5,-11.999999999999996,-49.5
0.25,45,0,0,4,-11.999999999999996,-47.52000000000001
0.25,46,1,1,4,-11.999999999999996,-49.5
0.25,47,0,0,4,-11.999999999999996,-45.58000000000001
0.25,48,1,1,5,-11.999999999999996,-49.5
0.25,49,1,1,6,-11.999999999999993,-49.5
0.5,0,0,0,5,0.5,-47.52000000000001
0.5,1,0,1,6,0.4999999999999998,-49.5
0.5,2,1,1,4,0.5,-49.5
0.5,3,1,1,5,0.5,-49.5
0.5,4,1,1,7,0.5,-49.5
0.5,5,0,0,5,0.5000000000000001,-47.52000000000001
0.5,6,1,1,6,0.5,-49.5
0.5,7,0,0,4,0.5,-47.52000000000001
0.5,8,1,1,5,0.5,-49.5
0.5,9,0,1,5,0.5,-49.5
0.5,10,0,0,4,0.5,-43.68000000000002
0.5,11,0,1,7,0.5000000000000001,-49.5
0.5,12,1,1,4,0.5,-49.5
0.5,13,1,1,5,0.5000000000000001,-49.5
0.5,14,0,1,6,0.5,-49.5
0.5,15,0,1,7,0.5,-49.5
0.5,16,1,1,6,0.49999999999999994,-49.5
0.5,17,1,1,6,0.5,-49.5
0.5,18,1,1,5,0.49999999999999983,-49.5
0.5,19,0,0,6,0.4999999999999998,-47.52000000000001
0.5,20,0,0,5,0.49999999999999994,-47.52000000000001
0.5,21,0,1,4,0.4999999999999998,-49.5
0.5,22,1,1,4,0.5,-49.5
0.5,23,0,1,6,0.5,-49.5
0.5,24,0,0,4,0.5000000000000001,-47.52000000000001
0.5,25,1,1,4,0.4999999999999998,-49.5
0.5,26,0,0,3,0.5,-43.68000000000002
0.5,27,0,1,5,0.5000000000000001,-49.5
0.5,28,0,0,6,0.5000000000000001,-47.52000000000001
0.5,29,1,1,6,0.5,-49.5
0.5,30,0,0,5,0.49999999999999994,-47.52000000000001
0.5,31,1,1,5,0.5,-49.5
0.5,32,1,1,5,0.5000000000000001,-49.5
0.5,33,1,1,6,0.5,-49.5
0.5,34,1,1,6,0.5000000000000001,-49.5
0.5,35,1,1,5,0.5000000000000001,-49.5
0.5,36,0,1,6,0.5000000000000001,-49.5
0.5,37,0,1,5,0.5000000000000001,-49.5
0.5,38,0,0,3,0.5,-45.58000000000001
0.5,39,0,0,6,0.5,-47.52000000000001
0.5,40,0,0,3,0.5000000000000001,-47.52000000000001
0.5,41,1,1,5,0.5,-49.5
0.5,42,0,1,6,0.5,-49.5
0.5,43,1,1,5,0.5,-49.5
0.5,44,1,1,5,0.5000000000000001,-49.5
0.5,45,1,1,5,0.5,-49.5
0.5,46,0,0,5,0.5,-47.52000000000002
0.5,47,0,0,4,0.5,-47.52000000000001
0.5,48,1,1,5,0.49999999999999994,-49.5
0.5,49,0,0,5,0.5,-47.52000000000001
